chunk_id,band_id,start_mhz,end_mhz,behavior_category,site,split,horizon,model,mae_db,rmse_db
powder_600_800,region_01,600.5,607.5,mixed_activity,humanities,humanities_test,1,vanillalstm,2.924919843673706,4.2396721839904785
powder_600_800,region_02,608.5,621.5,noise_floor,humanities,humanities_test,1,vanillalstm,0.033969711512327194,0.0649787113070488
powder_600_800,region_03,622.5,641.5,bursty_short_timescale,humanities,humanities_test,1,vanillalstm,2.5146617889404297,3.48152494430542
powder_600_800,region_04,642.5,646.5,mixed_activity,humanities,humanities_test,1,vanillalstm,1.5069442987442017,1.9812153577804565
powder_600_800,region_05,647.5,655.5,diurnal_pattern,humanities,humanities_test,1,vanillalstm,1.8896325826644897,2.45230770111084
powder_600_800,region_06,656.5,675.5,mixed_activity,humanities,humanities_test,1,vanillalstm,1.2908515930175781,1.8450391292572021
powder_600_800,region_07,676.5,690.5,noise_floor,humanities,humanities_test,1,vanillalstm,0.05244220420718193,0.21179719269275665
powder_600_800,region_08,691.5,728.5,mixed_activity,humanities,humanities_test,1,vanillalstm,1.26631760597229,1.7219089269638062
powder_600_800,region_09,729.5,734.5,mixed_activity,humanities,humanities_test,1,vanillalstm,1.366963267326355,1.8573286533355713
powder_600_800,region_10,735.5,740.5,intermittent_occupancy,humanities,humanities_test,1,vanillalstm,1.275793433189392,1.7096481323242188
powder_600_800,region_11,741.5,745.5,intermittent_occupancy,humanities,humanities_test,1,vanillalstm,0.9631584286689758,1.5488007068634033
powder_600_800,region_12,746.5,755.5,bursty_short_timescale,humanities,humanities_test,1,vanillalstm,1.7082111835479736,2.418976068496704
powder_600_800,region_13,756.5,768.5,diurnal_pattern,humanities,humanities_test,1,vanillalstm,0.8783400654792786,1.3321360349655151
powder_600_800,region_14,769.5,776.5,bursty_short_timescale,humanities,humanities_test,1,vanillalstm,5.333668231964111,7.571074962615967
powder_600_800,region_15,777.5,788.5,noise_floor,humanities,humanities_test,1,vanillalstm,0.017974698916077614,0.025576703250408173
powder_600_800,region_16,789.5,794.5,mixed_activity,humanities,humanities_test,1,vanillalstm,0.06101566553115845,0.08484000712633133
powder_600_800,region_17,795.5,799.5,noise_floor,humanities,humanities_test,1,vanillalstm,0.03499666601419449,0.220468208193779
powder_600_800,region_01,600.5,607.5,mixed_activity,humanities,humanities_test,5,vanillalstm,2.9542739391326904,4.284450054168701
powder_600_800,region_02,608.5,621.5,noise_floor,humanities,humanities_test,5,vanillalstm,0.03468775376677513,0.06572063267230988
powder_600_800,region_03,622.5,641.5,bursty_short_timescale,humanities,humanities_test,5,vanillalstm,2.5740294456481934,3.538217544555664
powder_600_800,region_04,642.5,646.5,mixed_activity,humanities,humanities_test,5,vanillalstm,1.4987592697143555,1.969157099723816
powder_600_800,region_05,647.5,655.5,diurnal_pattern,humanities,humanities_test,5,vanillalstm,1.8450640439987183,2.4203760623931885
powder_600_800,region_06,656.5,675.5,mixed_activity,humanities,humanities_test,5,vanillalstm,1.3399602174758911,1.8957304954528809
powder_600_800,region_07,676.5,690.5,noise_floor,humanities,humanities_test,5,vanillalstm,0.05288933590054512,0.21244648098945618
powder_600_800,region_08,691.5,728.5,mixed_activity,humanities,humanities_test,5,vanillalstm,1.280767798423767,1.7395732402801514
powder_600_800,region_09,729.5,734.5,mixed_activity,humanities,humanities_test,5,vanillalstm,1.375633716583252,1.8632131814956665
powder_600_800,region_10,735.5,740.5,intermittent_occupancy,humanities,humanities_test,5,vanillalstm,1.3319274187088013,1.7816206216812134
powder_600_800,region_11,741.5,745.5,intermittent_occupancy,humanities,humanities_test,5,vanillalstm,1.0197887420654297,1.60822331905365
powder_600_800,region_12,746.5,755.5,bursty_short_timescale,humanities,humanities_test,5,vanillalstm,1.7464205026626587,2.4757542610168457
powder_600_800,region_13,756.5,768.5,diurnal_pattern,humanities,humanities_test,5,vanillalstm,0.8870454430580139,1.338575839996338
powder_600_800,region_14,769.5,776.5,bursty_short_timescale,humanities,humanities_test,5,vanillalstm,5.312129497528076,7.566100120544434
powder_600_800,region_15,777.5,788.5,noise_floor,humanities,humanities_test,5,vanillalstm,0.01808699034154415,0.025664150714874268
powder_600_800,region_16,789.5,794.5,mixed_activity,humanities,humanities_test,5,vanillalstm,0.061423033475875854,0.08518225699663162
powder_600_800,region_17,795.5,799.5,noise_floor,humanities,humanities_test,5,vanillalstm,0.03485791012644768,0.22043325006961823
powder_600_800,region_01,600.5,607.5,mixed_activity,humanities,humanities_test,15,vanillalstm,3.103137731552124,4.509958744049072
powder_600_800,region_02,608.5,621.5,noise_floor,humanities,humanities_test,15,vanillalstm,0.035710304975509644,0.06671511381864548
powder_600_800,region_03,622.5,641.5,bursty_short_timescale,humanities,humanities_test,15,vanillalstm,2.6847286224365234,3.649914503097534
powder_600_800,region_04,642.5,646.5,mixed_activity,humanities,humanities_test,15,vanillalstm,1.4478081464767456,1.9070230722427368
powder_600_800,region_05,647.5,655.5,diurnal_pattern,humanities,humanities_test,15,vanillalstm,1.8704630136489868,2.4896998405456543
powder_600_800,region_06,656.5,675.5,mixed_activity,humanities,humanities_test,15,vanillalstm,1.4347232580184937,1.998459815979004
powder_600_800,region_07,676.5,690.5,noise_floor,humanities,humanities_test,15,vanillalstm,0.05477244034409523,0.21634157001972198
powder_600_800,region_08,691.5,728.5,mixed_activity,humanities,humanities_test,15,vanillalstm,1.318382978439331,1.7883692979812622
powder_600_800,region_09,729.5,734.5,mixed_activity,humanities,humanities_test,15,vanillalstm,1.3977652788162231,1.8842263221740723
powder_600_800,region_10,735.5,740.5,intermittent_occupancy,humanities,humanities_test,15,vanillalstm,1.4468439817428589,1.9397205114364624
powder_600_800,region_11,741.5,745.5,intermittent_occupancy,humanities,humanities_test,15,vanillalstm,1.1117017269134521,1.7228831052780151
powder_600_800,region_12,746.5,755.5,bursty_short_timescale,humanities,humanities_test,15,vanillalstm,1.8159483671188354,2.554394006729126
powder_600_800,region_13,756.5,768.5,diurnal_pattern,humanities,humanities_test,15,vanillalstm,0.9000635743141174,1.3421595096588135
powder_600_800,region_14,769.5,776.5,bursty_short_timescale,humanities,humanities_test,15,vanillalstm,5.299134731292725,7.566497325897217
powder_600_800,region_15,777.5,788.5,noise_floor,humanities,humanities_test,15,vanillalstm,0.018820058554410934,0.026407478377223015
powder_600_800,region_16,789.5,794.5,mixed_activity,humanities,humanities_test,15,vanillalstm,0.06279166042804718,0.08631014823913574
powder_600_800,region_17,795.5,799.5,noise_floor,humanities,humanities_test,15,vanillalstm,0.034865934401750565,0.22032704949378967
powder_600_800,region_01,600.5,607.5,mixed_activity,humanities,humanities_test,60,vanillalstm,3.3628103733062744,4.872219085693359
powder_600_800,region_02,608.5,621.5,noise_floor,humanities,humanities_test,60,vanillalstm,0.03786586597561836,0.06893771886825562
powder_600_800,region_03,622.5,641.5,bursty_short_timescale,humanities,humanities_test,60,vanillalstm,2.945080041885376,3.9048759937286377
powder_600_800,region_04,642.5,646.5,mixed_activity,humanities,humanities_test,60,vanillalstm,1.4541656970977783,1.9060227870941162
powder_600_800,region_05,647.5,655.5,diurnal_pattern,humanities,humanities_test,60,vanillalstm,2.1273913383483887,2.8564555644989014
powder_600_800,region_06,656.5,675.5,mixed_activity,humanities,humanities_test,60,vanillalstm,1.620444655418396,2.2178890705108643
powder_600_800,region_07,676.5,690.5,noise_floor,humanities,humanities_test,60,vanillalstm,0.06014930084347725,0.22684568166732788
powder_600_800,region_08,691.5,728.5,mixed_activity,humanities,humanities_test,60,vanillalstm,1.419028639793396,1.9098480939865112
powder_600_800,region_09,729.5,734.5,mixed_activity,humanities,humanities_test,60,vanillalstm,1.4893556833267212,1.9960957765579224
powder_600_800,region_10,735.5,740.5,intermittent_occupancy,humanities,humanities_test,60,vanillalstm,1.6492576599121094,2.2051005363464355
powder_600_800,region_11,741.5,745.5,intermittent_occupancy,humanities,humanities_test,60,vanillalstm,1.2335115671157837,1.8830050230026245
powder_600_800,region_12,746.5,755.5,bursty_short_timescale,humanities,humanities_test,60,vanillalstm,1.8444322347640991,2.5598366260528564
powder_600_800,region_13,756.5,768.5,diurnal_pattern,humanities,humanities_test,60,vanillalstm,0.9490681886672974,1.3981971740722656
powder_600_800,region_14,769.5,776.5,bursty_short_timescale,humanities,humanities_test,60,vanillalstm,5.308760643005371,7.551388263702393
powder_600_800,region_15,777.5,788.5,noise_floor,humanities,humanities_test,60,vanillalstm,0.021250590682029724,0.028903335332870483
powder_600_800,region_16,789.5,794.5,mixed_activity,humanities,humanities_test,60,vanillalstm,0.06689281761646271,0.0902450755238533
powder_600_800,region_17,795.5,799.5,noise_floor,humanities,humanities_test,60,vanillalstm,0.03592611849308014,0.22052477300167084
