search_stage,trial_id,status,model_name,chunk_id,seed,hidden_size,num_layers,dropout,output_strategy,bidirectional,learning_rate,batch_size,weight_decay,optimizer,gradient_clip_norm,epochs_requested,epochs_completed,best_epoch,train_loss_at_best,teacher_val_loss_at_best,val_ar_loss,rmse_t1_db,rmse_t5_db,rmse_t15_db,rmse_t60_db,mean_horizon_rmse_db,mae_t1_db,mae_t5_db,mae_t15_db,mae_t60_db,mean_horizon_mae_db,training_seconds,validation_seconds,total_seconds,checkpoint_path,config_path,error_message
smoke,smoke_0001,completed,vanillalstm,powder_600_800,42,8,1,0.0,final_hidden,False,0.001,32,0.0,adam,1.0,5,5,5,0.6158506561369246,1.2926564726210732,1.379175251676836,2.22920013139671,2.31755485061741,2.36374092749408,2.4809903360092282,2.347871561379357,1.1967480334279308,1.2505735397851314,1.2940154840577145,1.4156043878407354,1.2892353612778782,54.57,0.11,54.68,/home/jovyan/work/spectrum-usage/results/powder/600_800/hyperparameter_search/checkpoints/smoke_0001_best.pt,/home/jovyan/work/spectrum-usage/results/powder/600_800/hyperparameter_search/configs/smoke_0001.yaml,
smoke,smoke_0002,completed,vanillalstm,powder_600_800,42,16,2,0.1,final_hidden,False,0.003,32,0.0001,adam,1.0,5,5,2,0.6098169223152529,1.2643966165207725,1.3805914962564716,2.2524206595386027,2.3155131907775135,2.3644985327824024,2.5083210846786135,2.360188366944283,1.2189399525625055,1.2731360349001501,1.3254399213960477,1.452147058495404,1.3174157418385268,79.62,0.12,79.74,/home/jovyan/work/spectrum-usage/results/powder/600_800/hyperparameter_search/checkpoints/smoke_0002_best.pt,/home/jovyan/work/spectrum-usage/results/powder/600_800/hyperparameter_search/configs/smoke_0002.yaml,
smoke,smoke_0003,completed,vanillalstm,powder_600_800,42,32,2,0.2,final_hidden,False,0.001,64,0.0001,adam,1.0,5,5,5,0.5929289119359945,1.2494718264077456,1.3790110486154339,2.2306562095245415,2.3150128766624594,2.3797422346172925,2.557231873342707,2.37066079853675,1.186065332587604,1.2386441314959449,1.302976762197651,1.4848382171264427,1.3031311108519106,39.45,0.06,39.51,/home/jovyan/work/spectrum-usage/results/powder/600_800/hyperparameter_search/checkpoints/smoke_0003_best.pt,/home/jovyan/work/spectrum-usage/results/powder/600_800/hyperparameter_search/configs/smoke_0003.yaml,
smoke,smoke_0004,completed,vanillalstm,powder_600_800,42,32,3,0.1,final_hidden,False,0.003,64,0.0,adam,1.0,5,5,3,0.5801002680918929,1.2845209172663798,1.4100061500345478,2.295289078527894,2.3563884973305296,2.4334491133560032,2.583932915776837,2.417264901247816,1.217051367240435,1.262867851174956,1.3264765589821552,1.4435814617355753,1.3124943097832804,49.57,0.07,49.64,/home/jovyan/work/spectrum-usage/results/powder/600_800/hyperparameter_search/checkpoints/smoke_0004_best.pt,/home/jovyan/work/spectrum-usage/results/powder/600_800/hyperparameter_search/configs/smoke_0004.yaml,
architecture,arch_0005,completed,vanillalstm,powder_600_800,42,8,1,0.0,final_hidden,False,0.001,32,0.0001,adam,1.0,15,12,9,0.5863734708367007,1.2411019092297737,1.3710191031448713,2.2117052040615226,2.295040302213754,2.352244713581416,2.5507831104100243,2.352443332566679,1.1788391885512457,1.2296572868513025,1.2817722134310898,1.4440645906728609,1.2835833198766247,129.05,0.1,129.15,/home/jovyan/work/spectrum-usage/results/powder/600_800/hyperparameter_search/checkpoints/arch_0005_best.pt,/home/jovyan/work/spectrum-usage/results/powder/600_800/hyperparameter_search/configs/arch_0005.yaml,
architecture,arch_0006,completed,vanillalstm,powder_600_800,42,8,2,0.0,final_hidden,False,0.001,32,0.0001,adam,1.0,15,7,4,0.6369828248762597,1.282547357428165,1.3539380863422656,2.2188117524906676,2.2978593289718403,2.3325428681546394,2.4493885361970182,2.3246506214535416,1.1969907238777764,1.2447004808177875,1.2682983101202283,1.3617543072763667,1.2679359555230398,106.68,0.12,106.8,/home/jovyan/work/spectrum-usage/results/powder/600_800/hyperparameter_search/checkpoints/arch_0006_best.pt,/home/jovyan/work/spectrum-usage/results/powder/600_800/hyperparameter_search/configs/arch_0006.yaml,
architecture,arch_0007,completed,vanillalstm,powder_600_800,42,8,2,0.1,final_hidden,False,0.001,32,0.0001,adam,1.0,15,8,5,0.644696416638658,1.3080766656016576,1.377253414110373,2.2675525977185873,2.34453941928801,2.37136543276434,2.487144612568035,2.367650515584743,1.225896056653052,1.2638148373005653,1.2839649418058097,1.374876769540936,1.2871381513250908,127.68,0.12,127.8,/home/jovyan/work/spectrum-usage/results/powder/600_800/hyperparameter_search/checkpoints/arch_0007_best.pt,/home/jovyan/work/spectrum-usage/results/powder/600_800/hyperparameter_search/configs/arch_0007.yaml,
architecture,arch_0008,completed,vanillalstm,powder_600_800,42,8,2,0.2,final_hidden,False,0.001,32,0.0001,adam,1.0,15,10,7,0.6632556487629409,1.2942310671769937,1.388857188115593,2.2586781877381177,2.343943896057022,2.4048191442660376,2.536627725038664,2.3860172382749605,1.2222351616469211,1.2790065409071678,1.3195758186369795,1.417129303159825,1.3094867060877233,160.2,0.12,160.32,/home/jovyan/work/spectrum-usage/results/powder/600_800/hyperparameter_search/checkpoints/arch_0008_best.pt,/home/jovyan/work/spectrum-usage/results/powder/600_800/hyperparameter_search/configs/arch_0008.yaml,
architecture,arch_0009,completed,vanillalstm,powder_600_800,42,8,3,0.0,final_hidden,False,0.001,32,0.0001,adam,1.0,15,7,4,0.649466302431349,1.3199182211897755,1.3697130243286832,2.3081750972885975,2.3699574743783263,2.3867803946150326,2.5081169010512436,2.3932574668332998,1.2525346577486054,1.2890490138635875,1.3042329659083143,1.3932089647571724,1.3097564005694198,134.67,0.13,134.8,/home/jovyan/work/spectrum-usage/results/powder/600_800/hyperparameter_search/checkpoints/arch_0009_best.pt,/home/jovyan/work/spectrum-usage/results/powder/600_800/hyperparameter_search/configs/arch_0009.yaml,
architecture,arch_0010,completed,vanillalstm,powder_600_800,42,8,3,0.1,final_hidden,False,0.001,32,0.0001,adam,1.0,15,9,6,0.6525375376034154,1.3456056955206486,1.3918875210157788,2.317232207394862,2.3751393015136655,2.3783059111212936,2.5266940699328875,2.399342872490677,1.2448087475101537,1.2804169573586706,1.2931248267027176,1.4150542638692365,1.3083511988601946,181.38,0.13,181.5,/home/jovyan/work/spectrum-usage/results/powder/600_800/hyperparameter_search/checkpoints/arch_0010_best.pt,/home/jovyan/work/spectrum-usage/results/powder/600_800/hyperparameter_search/configs/arch_0010.yaml,
architecture,arch_0011,completed,vanillalstm,powder_600_800,42,8,3,0.2,final_hidden,False,0.001,32,0.0001,adam,1.0,15,7,4,0.683887667224142,1.3326727797966877,1.415483281812595,2.2866248527753714,2.349404217664465,2.3795705495632253,2.5785976905801706,2.398549327645808,1.2358349792252783,1.2723048763748996,1.3071882260466015,1.4615418854399977,1.3192174917716943,141.23,0.13,141.36,/home/jovyan/work/spectrum-usage/results/powder/600_800/hyperparameter_search/checkpoints/arch_0011_best.pt,/home/jovyan/work/spectrum-usage/results/powder/600_800/hyperparameter_search/configs/arch_0011.yaml,
architecture,arch_0012,completed,vanillalstm,powder_600_800,42,16,1,0.0,final_hidden,False,0.001,32,0.0001,adam,1.0,15,6,3,0.594386148905793,1.2172590921853335,1.314012760424432,2.1883035020132553,2.277929328605935,2.3210741872193528,2.469864161039413,2.3142927947194893,1.1547493399154474,1.2142595443632862,1.2488027509067476,1.3619379557042834,1.2449373977224414,64.77,0.1,64.87,/home/jovyan/work/spectrum-usage/results/powder/600_800/hyperparameter_search/checkpoints/arch_0012_best.pt,/home/jovyan/work/spectrum-usage/results/powder/600_800/hyperparameter_search/configs/arch_0012.yaml,
architecture,arch_0013,completed,vanillalstm,powder_600_800,42,16,2,0.0,final_hidden,False,0.001,32,0.0001,adam,1.0,15,6,3,0.601353604760954,1.2747432366582274,1.4098241219993766,2.274779133353035,2.3632278111039855,2.4197391813602764,2.6334833022227624,2.4228073570100146,1.2330426748672354,1.303496223435634,1.3666546464297773,1.5386104593518375,1.360451001021121,91.04,0.12,91.16,/home/jovyan/work/spectrum-usage/results/powder/600_800/hyperparameter_search/checkpoints/arch_0013_best.pt,/home/jovyan/work/spectrum-usage/results/powder/600_800/hyperparameter_search/configs/arch_0013.yaml,
architecture,arch_0014,completed,vanillalstm,powder_600_800,42,16,2,0.1,final_hidden,False,0.001,32,0.0001,adam,1.0,15,7,4,0.6071313370145819,1.2757412095106284,1.384949014387058,2.2744876252089967,2.360669249031512,2.3924716446674186,2.5752401787064882,2.4007171744036038,1.2373090416012302,1.2999816444536298,1.3414571393012897,1.4825579410414644,1.3403264415994036,111.54,0.12,111.66,/home/jovyan/work/spectrum-usage/results/powder/600_800/hyperparameter_search/checkpoints/arch_0014_best.pt,/home/jovyan/work/spectrum-usage/results/powder/600_800/hyperparameter_search/configs/arch_0014.yaml,
architecture,arch_0015,completed,vanillalstm,powder_600_800,42,16,2,0.2,final_hidden,False,0.001,32,0.0001,adam,1.0,15,8,5,0.6196785962343904,1.2636038674653032,1.3589534450123328,2.2363799870709755,2.3084156740471307,2.3627668463352083,2.441383856277136,2.337236590932613,1.1981502807009674,1.2450259703545379,1.294922412456973,1.3515734266503758,1.2724180225407136,127.58,0.12,127.7,/home/jovyan/work/spectrum-usage/results/powder/600_800/hyperparameter_search/checkpoints/arch_0015_best.pt,/home/jovyan/work/spectrum-usage/results/powder/600_800/hyperparameter_search/configs/arch_0015.yaml,
architecture,arch_0016,completed,vanillalstm,powder_600_800,42,16,3,0.0,final_hidden,False,0.001,32,0.0001,adam,1.0,15,6,3,0.6249589368179543,1.3118175204473597,1.4400844956172332,2.2785586430566607,2.331706916670931,2.378011607724144,2.633700266198629,2.405494358412591,1.232329812609128,1.2654877402361,1.3197753897540747,1.5398416197230904,1.3393586405805982,115.23,0.13,115.36,/home/jovyan/work/spectrum-usage/results/powder/600_800/hyperparameter_search/checkpoints/arch_0016_best.pt,/home/jovyan/work/spectrum-usage/results/powder/600_800/hyperparameter_search/configs/arch_0016.yaml,
architecture,arch_0017,completed,vanillalstm,powder_600_800,42,16,3,0.1,final_hidden,False,0.001,32,0.0001,adam,1.0,15,9,6,0.6077049706880203,1.2978002442658403,1.4024785620565632,2.27826182424458,2.346981018111925,2.38979244086473,2.5359446374469923,2.3877449801670565,1.2153033726753677,1.2574917421474814,1.298975593632702,1.4213278319520173,1.2982746351018921,182.78,0.13,182.91,/home/jovyan/work/spectrum-usage/results/powder/600_800/hyperparameter_search/checkpoints/arch_0017_best.pt,/home/jovyan/work/spectrum-usage/results/powder/600_800/hyperparameter_search/configs/arch_0017.yaml,
architecture,arch_0018,completed,vanillalstm,powder_600_800,42,16,3,0.2,final_hidden,False,0.001,32,0.0001,adam,1.0,15,11,8,0.6208589748921783,1.3194105515953238,1.3813313964669032,2.293263283272028,2.369538275726422,2.3845696804005447,2.52292354087367,2.392573695068166,1.2520786106532689,1.3035028727886406,1.3216982688905368,1.4195759942711237,1.3242139366508927,222.37,0.13,222.5,/home/jovyan/work/spectrum-usage/results/powder/600_800/hyperparameter_search/checkpoints/arch_0018_best.pt,/home/jovyan/work/spectrum-usage/results/powder/600_800/hyperparameter_search/configs/arch_0018.yaml,
architecture,arch_0019,completed,vanillalstm,powder_600_800,42,32,1,0.0,final_hidden,False,0.001,32,0.0001,adam,1.0,15,5,2,0.5787549838507832,1.20085926092308,1.3327416609261782,2.1974711908556923,2.2840323967740788,2.333053394469483,2.47468344891403,2.322310107753321,1.1564437801640317,1.2227309716198915,1.268955919586343,1.3821215261127222,1.257563049370747,54.06,0.1,54.16,/home/jovyan/work/spectrum-usage/results/powder/600_800/hyperparameter_search/checkpoints/arch_0019_best.pt,/home/jovyan/work/spectrum-usage/results/powder/600_800/hyperparameter_search/configs/arch_0019.yaml,
architecture,arch_0020,completed,vanillalstm,powder_600_800,42,32,2,0.0,final_hidden,False,0.001,32,0.0001,adam,1.0,15,4,1,0.7006536263467437,1.2488541675887945,1.4059654355959128,2.217588520738999,2.2943933693025493,2.36696878982859,2.5436365597241366,2.355646809898569,1.1828929813435298,1.2406304893942153,1.3071679374660932,1.433804901966257,1.291124077542524,60.34,0.12,60.46,/home/jovyan/work/spectrum-usage/results/powder/600_800/hyperparameter_search/checkpoints/arch_0020_best.pt,/home/jovyan/work/spectrum-usage/results/powder/600_800/hyperparameter_search/configs/arch_0020.yaml,
architecture,arch_0021,completed,vanillalstm,powder_600_800,42,32,2,0.1,final_hidden,False,0.001,32,0.0001,adam,1.0,15,5,2,0.6061034207733994,1.2096132467721254,1.3397691541045678,2.1817152631524674,2.278420952405072,2.3455345079552603,2.513002427871165,2.329668287845991,1.1579789373647915,1.2223514817203884,1.2754797666362128,1.4185039075857089,1.2685785233267755,79.11,0.12,79.22,/home/jovyan/work/spectrum-usage/results/powder/600_800/hyperparameter_search/checkpoints/arch_0021_best.pt,/home/jovyan/work/spectrum-usage/results/powder/600_800/hyperparameter_search/configs/arch_0021.yaml,
architecture,arch_0022,completed,vanillalstm,powder_600_800,42,32,2,0.2,final_hidden,False,0.001,32,0.0001,adam,1.0,15,6,3,0.5965189727220185,1.2416166367421624,1.3927112808664337,2.2180950747146717,2.299727663620815,2.365849332792505,2.6070630802182135,2.372683787836551,1.1756987908857903,1.2348786799027844,1.301460805304236,1.5083510640704878,1.3050973350408246,95.19,0.12,95.3,/home/jovyan/work/spectrum-usage/results/powder/600_800/hyperparameter_search/checkpoints/arch_0022_best.pt,/home/jovyan/work/spectrum-usage/results/powder/600_800/hyperparameter_search/configs/arch_0022.yaml,
architecture,arch_0023,completed,vanillalstm,powder_600_800,42,32,3,0.0,final_hidden,False,0.001,32,0.0001,adam,1.0,15,5,2,0.6028754832034995,1.2927742513991494,1.3959729544079031,2.273408301609759,2.337292272260365,2.362824330529852,2.5942576194388054,2.3919456309596954,1.237067192142616,1.2843639500013386,1.3223689423350038,1.4849258199865016,1.332181476116365,95.7,0.12,95.83,/home/jovyan/work/spectrum-usage/results/powder/600_800/hyperparameter_search/checkpoints/arch_0023_best.pt,/home/jovyan/work/spectrum-usage/results/powder/600_800/hyperparameter_search/configs/arch_0023.yaml,
architecture,arch_0024,completed,vanillalstm,powder_600_800,42,32,3,0.1,final_hidden,False,0.001,32,0.0001,adam,1.0,15,5,2,0.618921055782399,1.2575456859501264,1.400556413271955,2.248497444446442,2.3137706908940716,2.3610142870856357,2.6216651276654073,2.386236887522889,1.2011543044243476,1.24582268509683,1.3004842142824,1.4903646736487688,1.3094564693630866,100.27,0.12,100.4,/home/jovyan/work/spectrum-usage/results/powder/600_800/hyperparameter_search/checkpoints/arch_0024_best.pt,/home/jovyan/work/spectrum-usage/results/powder/600_800/hyperparameter_search/configs/arch_0024.yaml,
architecture,arch_0025,completed,vanillalstm,powder_600_800,42,32,3,0.2,final_hidden,False,0.001,32,0.0001,adam,1.0,15,5,2,0.6317326887763609,1.2651256222761313,1.3904019785291366,2.2497063745914008,2.3216936658997342,2.370157262692261,2.5975520602385775,2.3847773408554933,1.1961004978029268,1.2423677159416373,1.2968868985424191,1.477180173402234,1.3031338214223043,100.64,0.13,100.76,/home/jovyan/work/spectrum-usage/results/powder/600_800/hyperparameter_search/checkpoints/arch_0025_best.pt,/home/jovyan/work/spectrum-usage/results/powder/600_800/hyperparameter_search/configs/arch_0025.yaml,
optimization,opt_0026,completed,vanillalstm,powder_600_800,42,16,1,0.0,final_hidden,False,0.0005,32,0.0,adam,1.0,15,7,4,0.6173748626368686,1.2675081864568114,1.4106352183655018,2.235046636017362,2.317791696601661,2.3951732350571944,2.554614482588662,2.37565651256622,1.208552549789806,1.2577677008244657,1.3242183995168535,1.444050090224812,1.3086471850889843,75.83,0.1,75.94,/home/jovyan/work/spectrum-usage/results/powder/600_800/hyperparameter_search/checkpoints/opt_0026_best.pt,/home/jovyan/work/spectrum-usage/results/powder/600_800/hyperparameter_search/configs/opt_0026.yaml,
optimization,opt_0027,completed,vanillalstm,powder_600_800,42,16,1,0.0,final_hidden,False,0.0005,32,0.0001,adam,1.0,15,7,4,0.6136904985486347,1.242433657172982,1.3748287044408667,2.203989956815309,2.2840555847849973,2.3432831063025827,2.4921112211954175,2.3308599672745767,1.1801434170444287,1.2245673932637748,1.2653909047488847,1.3807826614878451,1.2627210941362332,75.74,0.1,75.84,/home/jovyan/work/spectrum-usage/results/powder/600_800/hyperparameter_search/checkpoints/opt_0027_best.pt,/home/jovyan/work/spectrum-usage/results/powder/600_800/hyperparameter_search/configs/opt_0027.yaml,
optimization,opt_0028,completed,vanillalstm,powder_600_800,42,16,1,0.0,final_hidden,False,0.0005,64,0.0,adam,1.0,15,12,9,0.5972994562001565,1.2428905272301827,1.3444665224497554,2.21247429028761,2.28754791443946,2.3360841595247215,2.472698150332014,2.3272011286459513,1.1878988462918318,1.2315515801715058,1.2610452830880141,1.3656407325425957,1.261534110523487,66.0,0.06,66.06,/home/jovyan/work/spectrum-usage/results/powder/600_800/hyperparameter_search/checkpoints/opt_0028_best.pt,/home/jovyan/work/spectrum-usage/results/powder/600_800/hyperparameter_search/configs/opt_0028.yaml,
optimization,opt_0029,completed,vanillalstm,powder_600_800,42,16,1,0.0,final_hidden,False,0.0005,64,0.0001,adam,1.0,15,14,11,0.5786041164807868,1.2389017352621063,1.3877677280484264,2.2179929815729316,2.318324229772262,2.3928115762999216,2.5430302825381754,2.368039767545823,1.1860755332017994,1.2640616520268544,1.3264306588034025,1.4460237525933235,1.305647899156345,76.8,0.06,76.86,/home/jovyan/work/spectrum-usage/results/powder/600_800/hyperparameter_search/checkpoints/opt_0029_best.pt,/home/jovyan/work/spectrum-usage/results/powder/600_800/hyperparameter_search/configs/opt_0029.yaml,
optimization,opt_0030,completed,vanillalstm,powder_600_800,42,16,1,0.0,final_hidden,False,0.001,32,0.0,adam,1.0,15,6,3,0.5958966896149112,1.2680391519124272,1.3981740310901905,2.2582891073441225,2.3447068520388994,2.401729717699838,2.522285219237625,2.3817527240801213,1.2088811007425013,1.2728292094547609,1.3264438345003249,1.4355976498654162,1.3109379486407509,65.08,0.1,65.18,/home/jovyan/work/spectrum-usage/results/powder/600_800/hyperparameter_search/checkpoints/opt_0030_best.pt,/home/jovyan/work/spectrum-usage/results/powder/600_800/hyperparameter_search/configs/opt_0030.yaml,
optimization,opt_0031,completed,vanillalstm,powder_600_800,42,16,1,0.0,final_hidden,False,0.001,32,0.0001,adam,1.0,15,5,2,0.6275600206668054,1.268354441373403,1.3873572294948666,2.244181600157444,2.3358533783755937,2.394151720002247,2.481868285941686,2.3640137461192428,1.21742026312058,1.2838324923785291,1.3315731764431291,1.4096127537798366,1.3106096714305187,54.31,0.1,54.41,/home/jovyan/work/spectrum-usage/results/powder/600_800/hyperparameter_search/checkpoints/opt_0031_best.pt,/home/jovyan/work/spectrum-usage/results/powder/600_800/hyperparameter_search/configs/opt_0031.yaml,
optimization,opt_0032,completed,vanillalstm,powder_600_800,42,16,1,0.0,final_hidden,False,0.001,64,0.0,adam,1.0,15,12,9,0.5627984798389651,1.2331446563924542,1.388336989715809,2.2143760401896047,2.3124591081850663,2.3920184998011513,2.511499431177994,2.357588269838454,1.1825593661675884,1.2488380805631214,1.317121788084766,1.4252288025299225,1.2934370093363496,66.2,0.06,66.26,/home/jovyan/work/spectrum-usage/results/powder/600_800/hyperparameter_search/checkpoints/opt_0032_best.pt,/home/jovyan/work/spectrum-usage/results/powder/600_800/hyperparameter_search/configs/opt_0032.yaml,
optimization,opt_0033,completed,vanillalstm,powder_600_800,42,16,1,0.0,final_hidden,False,0.001,64,0.0001,adam,1.0,15,7,4,0.6076713976635174,1.2472977510845389,1.390829774259611,2.2124434523633822,2.307297017164308,2.3672031951323276,2.5137415078454333,2.3501712931263627,1.1846063901086987,1.2475751373871131,1.3008495602858365,1.4243579260187096,1.2893472534500894,38.69,0.06,38.75,/home/jovyan/work/spectrum-usage/results/powder/600_800/hyperparameter_search/checkpoints/opt_0033_best.pt,/home/jovyan/work/spectrum-usage/results/powder/600_800/hyperparameter_search/configs/opt_0033.yaml,
optimization,opt_0034,completed,vanillalstm,powder_600_800,42,16,1,0.0,final_hidden,False,0.003,32,0.0,adam,1.0,15,4,1,0.6767590893985007,1.268224617907109,1.3552876101195357,2.2474597535100216,2.315750859467048,2.3694560313638764,2.503969797652619,2.3591591104983913,1.1998375449766812,1.2344198603169756,1.265409231764587,1.3658756972599684,1.2663855835795532,43.18,0.1,43.28,/home/jovyan/work/spectrum-usage/results/powder/600_800/hyperparameter_search/checkpoints/opt_0034_best.pt,/home/jovyan/work/spectrum-usage/results/powder/600_800/hyperparameter_search/configs/opt_0034.yaml,
optimization,opt_0035,completed,vanillalstm,powder_600_800,42,16,1,0.0,final_hidden,False,0.003,32,0.0001,adam,1.0,15,5,2,0.5720215259778908,1.2272157669067383,1.3558005722424455,2.22195387547849,2.305839316556793,2.3530566600701777,2.4826428825952402,2.3408731836751753,1.1727914943190298,1.2195972237322845,1.262214692599306,1.3616516069263298,1.2540637543942377,54.03,0.1,54.14,/home/jovyan/work/spectrum-usage/results/powder/600_800/hyperparameter_search/checkpoints/opt_0035_best.pt,/home/jovyan/work/spectrum-usage/results/powder/600_800/hyperparameter_search/configs/opt_0035.yaml,
optimization,opt_0036,completed,vanillalstm,powder_600_800,42,16,1,0.0,final_hidden,False,0.003,64,0.0,adam,1.0,15,8,5,0.5528403873292891,1.2751269941111558,1.3922883608869014,2.271398178857731,2.315418561214788,2.3611899187666414,2.494028789474491,2.360508862078413,1.2125097253584916,1.2463184870726627,1.2895153634760674,1.3992265670908575,1.2868925357495198,43.95,0.06,44.01,/home/jovyan/work/spectrum-usage/results/powder/600_800/hyperparameter_search/checkpoints/opt_0036_best.pt,/home/jovyan/work/spectrum-usage/results/powder/600_800/hyperparameter_search/configs/opt_0036.yaml,
optimization,opt_0037,completed,vanillalstm,powder_600_800,42,16,1,0.0,final_hidden,False,0.003,64,0.0001,adam,1.0,15,6,3,0.5732240207324165,1.213964798978267,1.3447707463766783,2.198032591543021,2.2882576157688335,2.347706224467278,2.4868086396891558,2.3302012678670723,1.1690782257853816,1.2335537377477879,1.2819434522385649,1.399864525305002,1.271109985269184,33.13,0.06,33.19,/home/jovyan/work/spectrum-usage/results/powder/600_800/hyperparameter_search/checkpoints/opt_0037_best.pt,/home/jovyan/work/spectrum-usage/results/powder/600_800/hyperparameter_search/configs/opt_0037.yaml,
optimization,opt_0038,completed,vanillalstm,powder_600_800,42,32,1,0.0,final_hidden,False,0.0005,32,0.0,adam,1.0,15,6,3,0.5876865151773862,1.2171990107033999,1.3958046399910031,2.198630829599895,2.312362781544587,2.382571454825649,2.584300943587004,2.369466502389284,1.1610892071627836,1.239953673284531,1.2955536954119151,1.4554218331012465,1.288004602240119,65.38,0.1,65.48,/home/jovyan/work/spectrum-usage/results/powder/600_800/hyperparameter_search/checkpoints/opt_0038_best.pt,/home/jovyan/work/spectrum-usage/results/powder/600_800/hyperparameter_search/configs/opt_0038.yaml,
optimization,opt_0039,completed,vanillalstm,powder_600_800,42,32,1,0.0,final_hidden,False,0.0005,32,0.0001,adam,1.0,15,5,2,0.622099390737717,1.2342570355830302,1.4077648989116873,2.212857004478086,2.304981369106351,2.392351255690313,2.583906026068167,2.3735239138357294,1.1725071310893072,1.2355611571855325,1.3076087702971442,1.4533970130265712,1.2922685178996387,54.31,0.1,54.41,/home/jovyan/work/spectrum-usage/results/powder/600_800/hyperparameter_search/checkpoints/opt_0039_best.pt,/home/jovyan/work/spectrum-usage/results/powder/600_800/hyperparameter_search/configs/opt_0039.yaml,
optimization,opt_0040,completed,vanillalstm,powder_600_800,42,32,1,0.0,final_hidden,False,0.0005,64,0.0,adam,1.0,15,9,6,0.5750361352123551,1.2381730370849144,1.3591258635047738,2.2336088960516163,2.3069385001803955,2.350777094042535,2.478094246814088,2.3423546842721588,1.1881394863107926,1.2458614535255648,1.295551961576566,1.4049431795677902,1.2836240202451785,49.55,0.06,49.61,/home/jovyan/work/spectrum-usage/results/powder/600_800/hyperparameter_search/checkpoints/opt_0040_best.pt,/home/jovyan/work/spectrum-usage/results/powder/600_800/hyperparameter_search/configs/opt_0040.yaml,
optimization,opt_0041,completed,vanillalstm,powder_600_800,42,32,1,0.0,final_hidden,False,0.0005,64,0.0001,adam,1.0,15,7,4,0.6031730905106057,1.2365577512115014,1.3465878235474797,2.244947593871474,2.3304087506864617,2.388508429637571,2.518606241474198,2.3706177539174265,1.182883216441367,1.2473473457541688,1.2967974846132668,1.4287336157534938,1.2889404156405742,38.59,0.06,38.65,/home/jovyan/work/spectrum-usage/results/powder/600_800/hyperparameter_search/checkpoints/opt_0041_best.pt,/home/jovyan/work/spectrum-usage/results/powder/600_800/hyperparameter_search/configs/opt_0041.yaml,
optimization,opt_0042,completed,vanillalstm,powder_600_800,42,32,1,0.0,final_hidden,False,0.001,32,0.0,adam,1.0,15,6,3,0.5500481346612531,1.240982155763466,1.3991906042317397,2.2461235702338187,2.342268613414734,2.40589600780912,2.551744777947668,2.386508242351335,1.205852666792948,1.2650900483872696,1.318928332142853,1.4424777745361348,1.3080872054648014,65.17,0.14,65.32,/home/jovyan/work/spectrum-usage/results/powder/600_800/hyperparameter_search/checkpoints/opt_0042_best.pt,/home/jovyan/work/spectrum-usage/results/powder/600_800/hyperparameter_search/configs/opt_0042.yaml,
optimization,opt_0043,completed,vanillalstm,powder_600_800,42,32,1,0.0,final_hidden,False,0.001,32,0.0001,adam,1.0,15,6,3,0.5487021087299367,1.205366684280279,1.3960569014076059,2.221268353441877,2.3112994683741204,2.4367012907887022,2.629752983192203,2.3997555239492256,1.1761326133638244,1.245313983941705,1.3603979468529548,1.5102432678641071,1.3230219530056477,68.83,0.14,68.97,/home/jovyan/work/spectrum-usage/results/powder/600_800/hyperparameter_search/checkpoints/opt_0043_best.pt,/home/jovyan/work/spectrum-usage/results/powder/600_800/hyperparameter_search/configs/opt_0043.yaml,
optimization,opt_0044,completed,vanillalstm,powder_600_800,42,32,1,0.0,final_hidden,False,0.001,64,0.0,adam,1.0,15,5,2,0.6196495235885803,1.2377110291983335,1.3825570335824982,2.221194673766027,2.305189952910386,2.3652733812506357,2.569119468639974,2.3651943691417556,1.1757692105050426,1.2330961123070845,1.283012933151253,1.4446846125983912,1.2841407171404429,29.08,0.08,29.16,/home/jovyan/work/spectrum-usage/results/powder/600_800/hyperparameter_search/checkpoints/opt_0044_best.pt,/home/jovyan/work/spectrum-usage/results/powder/600_800/hyperparameter_search/configs/opt_0044.yaml,
optimization,opt_0045,completed,vanillalstm,powder_600_800,42,32,1,0.0,final_hidden,False,0.001,64,0.0001,adam,1.0,15,6,3,0.5833120317137945,1.2149988822354616,1.3585309873100455,2.2130950092370947,2.2908675710236346,2.3376424646831215,2.5238883571094797,2.3413733505133325,1.1732516790276808,1.2283869265779785,1.2833992029938355,1.4505961440690078,1.2839084881671257,34.36,0.07,34.44,/home/jovyan/work/spectrum-usage/results/powder/600_800/hyperparameter_search/checkpoints/opt_0045_best.pt,/home/jovyan/work/spectrum-usage/results/powder/600_800/hyperparameter_search/configs/opt_0045.yaml,
optimization,opt_0046,completed,vanillalstm,powder_600_800,42,32,1,0.0,final_hidden,False,0.003,32,0.0,adam,1.0,15,4,1,0.6217219829559326,1.2071985634228655,1.3564613193046047,2.1849144448760005,2.2969463785634594,2.3660033901123856,2.48056326516113,2.332106869678244,1.1458803113141716,1.2360174362697385,1.299590860219215,1.4016805287450722,1.2707922841370494,44.67,0.14,44.81,/home/jovyan/work/spectrum-usage/results/powder/600_800/hyperparameter_search/checkpoints/opt_0046_best.pt,/home/jovyan/work/spectrum-usage/results/powder/600_800/hyperparameter_search/configs/opt_0046.yaml,
optimization,opt_0047,completed,vanillalstm,powder_600_800,42,32,1,0.0,final_hidden,False,0.003,32,0.0001,adam,1.0,15,4,1,0.6209584689194145,1.197428287440584,1.3467134046190568,2.2172052111798792,2.321838657554286,2.381652048072375,2.48897873076797,2.3524186618936276,1.1790683571625915,1.2597440799281632,1.3052805550090412,1.3872266072942465,1.2828298998485106,45.39,0.13,45.53,/home/jovyan/work/spectrum-usage/results/powder/600_800/hyperparameter_search/checkpoints/opt_0047_best.pt,/home/jovyan/work/spectrum-usage/results/powder/600_800/hyperparameter_search/configs/opt_0047.yaml,
optimization,opt_0048,completed,vanillalstm,powder_600_800,42,32,1,0.0,final_hidden,False,0.003,64,0.0,adam,1.0,15,5,2,0.5619727428892722,1.2139358192909764,1.3470634067331562,2.2246102684865887,2.3188884482270407,2.365494952143778,2.460318020206338,2.3423279222659366,1.1839333205204403,1.2484778268195387,1.2893432076621818,1.373696806143727,1.2738627902864719,29.42,0.08,29.49,/home/jovyan/work/spectrum-usage/results/powder/600_800/hyperparameter_search/checkpoints/opt_0048_best.pt,/home/jovyan/work/spectrum-usage/results/powder/600_800/hyperparameter_search/configs/opt_0048.yaml,
optimization,opt_0049,completed,vanillalstm,powder_600_800,42,32,1,0.0,final_hidden,False,0.003,64,0.0001,adam,1.0,15,5,2,0.5597233861838053,1.2030473647226814,1.3357680062301287,2.216556710784276,2.3011843006640498,2.3861098287851172,2.4595239612984985,2.3408437003829854,1.1928275624079374,1.2519831517746862,1.3088797415277782,1.378386947199403,1.2830193507274512,28.28,0.08,28.37,/home/jovyan/work/spectrum-usage/results/powder/600_800/hyperparameter_search/checkpoints/opt_0049_best.pt,/home/jovyan/work/spectrum-usage/results/powder/600_800/hyperparameter_search/configs/opt_0049.yaml,
