chunk_id,frequency_mhz,site,split,horizon,model,mae_db,rmse_db
powder_600_800,600.5,humanities,humanities_test,1,vanillalstm,7.2675299644470215,7.889872074127197
powder_600_800,601.5,humanities,humanities_test,1,vanillalstm,5.139481067657471,5.834468364715576
powder_600_800,602.5,humanities,humanities_test,1,vanillalstm,3.050644874572754,3.728341817855835
powder_600_800,603.5,humanities,humanities_test,1,vanillalstm,2.2201547622680664,2.5224037170410156
powder_600_800,604.5,humanities,humanities_test,1,vanillalstm,1.6019891500473022,2.7358782291412354
powder_600_800,605.5,humanities,humanities_test,1,vanillalstm,1.3869587182998657,2.130688428878784
powder_600_800,606.5,humanities,humanities_test,1,vanillalstm,1.6407959461212158,2.7562074661254883
powder_600_800,607.5,humanities,humanities_test,1,vanillalstm,1.5742363929748535,2.6256062984466553
powder_600_800,608.5,humanities,humanities_test,1,vanillalstm,0.0231295358389616,0.03271188959479332
powder_600_800,609.5,humanities,humanities_test,1,vanillalstm,0.024177102372050285,0.031184358522295952
powder_600_800,610.5,humanities,humanities_test,1,vanillalstm,0.02527524344623089,0.03274542838335037
powder_600_800,611.5,humanities,humanities_test,1,vanillalstm,0.026598164811730385,0.03452568128705025
powder_600_800,612.5,humanities,humanities_test,1,vanillalstm,0.02663622424006462,0.03518171235918999
powder_600_800,613.5,humanities,humanities_test,1,vanillalstm,0.025400714948773384,0.03676677495241165
powder_600_800,614.5,humanities,humanities_test,1,vanillalstm,0.03209453821182251,0.04570772498846054
powder_600_800,615.5,humanities,humanities_test,1,vanillalstm,0.04069047048687935,0.05747828632593155
powder_600_800,616.5,humanities,humanities_test,1,vanillalstm,0.04475966840982437,0.0587417408823967
powder_600_800,617.5,humanities,humanities_test,1,vanillalstm,0.053566865622997284,0.17062513530254364
powder_600_800,618.5,humanities,humanities_test,1,vanillalstm,0.06889069825410843,0.0840865895152092
powder_600_800,619.5,humanities,humanities_test,1,vanillalstm,0.057519711554050446,0.06913376599550247
powder_600_800,620.5,humanities,humanities_test,1,vanillalstm,0.05538051575422287,0.08752254396677017
powder_600_800,621.5,humanities,humanities_test,1,vanillalstm,0.03204432502388954,0.04791615158319473
powder_600_800,622.5,humanities,humanities_test,1,vanillalstm,3.025155782699585,4.004203796386719
powder_600_800,623.5,humanities,humanities_test,1,vanillalstm,2.591573476791382,3.3203983306884766
powder_600_800,624.5,humanities,humanities_test,1,vanillalstm,1.979308843612671,2.709468126296997
powder_600_800,625.5,humanities,humanities_test,1,vanillalstm,2.5437662601470947,3.5424928665161133
powder_600_800,626.5,humanities,humanities_test,1,vanillalstm,2.152106285095215,3.0727295875549316
powder_600_800,627.5,humanities,humanities_test,1,vanillalstm,2.139479160308838,3.029646396636963
powder_600_800,628.5,humanities,humanities_test,1,vanillalstm,1.4079328775405884,1.9378609657287598
powder_600_800,629.5,humanities,humanities_test,1,vanillalstm,2.086256980895996,2.8250863552093506
powder_600_800,630.5,humanities,humanities_test,1,vanillalstm,2.5805790424346924,3.4118950366973877
powder_600_800,631.5,humanities,humanities_test,1,vanillalstm,2.7096920013427734,3.5034358501434326
powder_600_800,632.5,humanities,humanities_test,1,vanillalstm,2.9239144325256348,3.786343812942505
powder_600_800,633.5,humanities,humanities_test,1,vanillalstm,2.8254008293151855,3.7175097465515137
powder_600_800,634.5,humanities,humanities_test,1,vanillalstm,2.500598669052124,3.263701915740967
powder_600_800,635.5,humanities,humanities_test,1,vanillalstm,2.884701728820801,3.714801073074341
powder_600_800,636.5,humanities,humanities_test,1,vanillalstm,3.053349018096924,4.00649356842041
powder_600_800,637.5,humanities,humanities_test,1,vanillalstm,2.8117949962615967,3.678738594055176
powder_600_800,638.5,humanities,humanities_test,1,vanillalstm,3.510903835296631,4.672603130340576
powder_600_800,639.5,humanities,humanities_test,1,vanillalstm,3.256474018096924,4.306257247924805
powder_600_800,640.5,humanities,humanities_test,1,vanillalstm,3.1679251194000244,4.141617298126221
powder_600_800,641.5,humanities,humanities_test,1,vanillalstm,2.636732339859009,3.717540979385376
powder_600_800,642.5,humanities,humanities_test,1,vanillalstm,0.827068030834198,1.1708301305770874
powder_600_800,643.5,humanities,humanities_test,1,vanillalstm,0.919688880443573,1.3224784135818481
powder_600_800,644.5,humanities,humanities_test,1,vanillalstm,1.2659735679626465,1.6876921653747559
powder_600_800,645.5,humanities,humanities_test,1,vanillalstm,1.1128243207931519,1.560441493988037
powder_600_800,646.5,humanities,humanities_test,1,vanillalstm,3.0816006660461426,3.35188889503479
powder_600_800,647.5,humanities,humanities_test,1,vanillalstm,1.879656434059143,2.3233323097229004
powder_600_800,648.5,humanities,humanities_test,1,vanillalstm,2.435931921005249,3.024857521057129
powder_600_800,649.5,humanities,humanities_test,1,vanillalstm,2.507739782333374,3.1648378372192383
powder_600_800,650.5,humanities,humanities_test,1,vanillalstm,2.884857416152954,3.665689468383789
powder_600_800,651.5,humanities,humanities_test,1,vanillalstm,3.0425586700439453,4.068045616149902
powder_600_800,652.5,humanities,humanities_test,1,vanillalstm,2.2909817695617676,2.858919382095337
powder_600_800,653.5,humanities,humanities_test,1,vanillalstm,1.9721003770828247,2.4586360454559326
powder_600_800,654.5,humanities,humanities_test,1,vanillalstm,1.7589508295059204,2.2078053951263428
powder_600_800,655.5,humanities,humanities_test,1,vanillalstm,1.7295533418655396,2.0950329303741455
powder_600_800,656.5,humanities,humanities_test,1,vanillalstm,0.9748266935348511,1.6360671520233154
powder_600_800,657.5,humanities,humanities_test,1,vanillalstm,1.978954553604126,2.615527391433716
powder_600_800,658.5,humanities,humanities_test,1,vanillalstm,1.8819942474365234,2.2567412853240967
powder_600_800,659.5,humanities,humanities_test,1,vanillalstm,1.7817479372024536,2.3947513103485107
powder_600_800,660.5,humanities,humanities_test,1,vanillalstm,1.2504807710647583,1.96070396900177
powder_600_800,661.5,humanities,humanities_test,1,vanillalstm,0.8086695671081543,1.2391234636306763
powder_600_800,662.5,humanities,humanities_test,1,vanillalstm,1.3019003868103027,1.6840641498565674
powder_600_800,663.5,humanities,humanities_test,1,vanillalstm,1.485003113746643,1.9560439586639404
powder_600_800,664.5,humanities,humanities_test,1,vanillalstm,1.8247926235198975,2.3593199253082275
powder_600_800,665.5,humanities,humanities_test,1,vanillalstm,1.6147443056106567,2.1808619499206543
powder_600_800,666.5,humanities,humanities_test,1,vanillalstm,1.6121689081192017,2.3071084022521973
powder_600_800,667.5,humanities,humanities_test,1,vanillalstm,1.9499844312667847,2.49112606048584
powder_600_800,668.5,humanities,humanities_test,1,vanillalstm,1.2697513103485107,1.6432853937149048
powder_600_800,669.5,humanities,humanities_test,1,vanillalstm,1.2779090404510498,1.872982382774353
powder_600_800,670.5,humanities,humanities_test,1,vanillalstm,1.3692076206207275,2.0330417156219482
powder_600_800,671.5,humanities,humanities_test,1,vanillalstm,1.2774163484573364,1.79069185256958
powder_600_800,672.5,humanities,humanities_test,1,vanillalstm,1.1961898803710938,1.6393629312515259
powder_600_800,673.5,humanities,humanities_test,1,vanillalstm,0.9352545738220215,1.332027554512024
powder_600_800,674.5,humanities,humanities_test,1,vanillalstm,0.46769940853118896,0.727131724357605
powder_600_800,675.5,humanities,humanities_test,1,vanillalstm,0.370312362909317,0.6390765905380249
powder_600_800,676.5,humanities,humanities_test,1,vanillalstm,0.018441300839185715,0.02904686890542507
powder_600_800,677.5,humanities,humanities_test,1,vanillalstm,0.016942616552114487,0.028481148183345795
powder_600_800,678.5,humanities,humanities_test,1,vanillalstm,0.016246698796749115,0.021131744608283043
powder_600_800,679.5,humanities,humanities_test,1,vanillalstm,0.015224870294332504,0.021969273686408997
powder_600_800,680.5,humanities,humanities_test,1,vanillalstm,0.015069732442498207,0.021997537463903427
powder_600_800,681.5,humanities,humanities_test,1,vanillalstm,0.015094926580786705,0.022261524572968483
powder_600_800,682.5,humanities,humanities_test,1,vanillalstm,0.016375767067074776,0.025172458961606026
powder_600_800,683.5,humanities,humanities_test,1,vanillalstm,0.015644950792193413,0.02846902795135975
powder_600_800,684.5,humanities,humanities_test,1,vanillalstm,0.015345423482358456,0.021665770560503006
powder_600_800,685.5,humanities,humanities_test,1,vanillalstm,0.015882015228271484,0.02940983884036541
powder_600_800,686.5,humanities,humanities_test,1,vanillalstm,0.062344398349523544,0.1882120817899704
powder_600_800,687.5,humanities,humanities_test,1,vanillalstm,0.0161492507904768,0.02858808822929859
powder_600_800,688.5,humanities,humanities_test,1,vanillalstm,0.016517527401447296,0.021013598889112473
powder_600_800,689.5,humanities,humanities_test,1,vanillalstm,0.016733964905142784,0.02145974151790142
powder_600_800,690.5,humanities,humanities_test,1,vanillalstm,0.602229118347168,0.8234341144561768
powder_600_800,691.5,humanities,humanities_test,1,vanillalstm,0.6399481892585754,0.8184664249420166
powder_600_800,692.5,humanities,humanities_test,1,vanillalstm,1.202494740486145,1.460020661354065
powder_600_800,693.5,humanities,humanities_test,1,vanillalstm,1.0927003622055054,1.416517972946167
powder_600_800,694.5,humanities,humanities_test,1,vanillalstm,1.3043404817581177,1.6496787071228027
powder_600_800,695.5,humanities,humanities_test,1,vanillalstm,1.3632426261901855,1.698893427848816
powder_600_800,696.5,humanities,humanities_test,1,vanillalstm,1.41787850856781,1.7672364711761475
powder_600_800,697.5,humanities,humanities_test,1,vanillalstm,1.3306331634521484,1.7041109800338745
powder_600_800,698.5,humanities,humanities_test,1,vanillalstm,1.5621120929718018,1.930234432220459
powder_600_800,699.5,humanities,humanities_test,1,vanillalstm,1.4684854745864868,1.8497065305709839
powder_600_800,700.5,humanities,humanities_test,1,vanillalstm,1.0699236392974854,1.3239794969558716
powder_600_800,701.5,humanities,humanities_test,1,vanillalstm,0.6586233377456665,0.8583942651748657
powder_600_800,702.5,humanities,humanities_test,1,vanillalstm,0.9478012919425964,1.1971650123596191
powder_600_800,703.5,humanities,humanities_test,1,vanillalstm,0.856614887714386,1.1204630136489868
powder_600_800,704.5,humanities,humanities_test,1,vanillalstm,1.1255948543548584,1.6357859373092651
powder_600_800,705.5,humanities,humanities_test,1,vanillalstm,1.248195767402649,1.6046011447906494
powder_600_800,706.5,humanities,humanities_test,1,vanillalstm,1.2633973360061646,1.7752209901809692
powder_600_800,707.5,humanities,humanities_test,1,vanillalstm,1.6416666507720947,1.9718141555786133
powder_600_800,708.5,humanities,humanities_test,1,vanillalstm,1.4337742328643799,1.8837916851043701
powder_600_800,709.5,humanities,humanities_test,1,vanillalstm,1.3144398927688599,1.8016552925109863
powder_600_800,710.5,humanities,humanities_test,1,vanillalstm,1.3560433387756348,1.8190512657165527
powder_600_800,711.5,humanities,humanities_test,1,vanillalstm,1.668466567993164,2.1110613346099854
powder_600_800,712.5,humanities,humanities_test,1,vanillalstm,1.8804713487625122,2.3209030628204346
powder_600_800,713.5,humanities,humanities_test,1,vanillalstm,1.5734272003173828,1.9858360290527344
powder_600_800,714.5,humanities,humanities_test,1,vanillalstm,1.7107876539230347,2.0874481201171875
powder_600_800,715.5,humanities,humanities_test,1,vanillalstm,1.2383099794387817,1.5893118381500244
powder_600_800,716.5,humanities,humanities_test,1,vanillalstm,1.3174477815628052,1.7500578165054321
powder_600_800,717.5,humanities,humanities_test,1,vanillalstm,1.0434174537658691,1.285141110420227
powder_600_800,718.5,humanities,humanities_test,1,vanillalstm,1.0156203508377075,1.3801161050796509
powder_600_800,719.5,humanities,humanities_test,1,vanillalstm,0.9825881123542786,1.3389875888824463
powder_600_800,720.5,humanities,humanities_test,1,vanillalstm,1.103589415550232,1.4904019832611084
powder_600_800,721.5,humanities,humanities_test,1,vanillalstm,1.15499746799469,1.477954387664795
powder_600_800,722.5,humanities,humanities_test,1,vanillalstm,1.3332048654556274,1.917419672012329
powder_600_800,723.5,humanities,humanities_test,1,vanillalstm,1.4207674264907837,1.782090187072754
powder_600_800,724.5,humanities,humanities_test,1,vanillalstm,1.905511736869812,2.4383115768432617
powder_600_800,725.5,humanities,humanities_test,1,vanillalstm,1.8404929637908936,2.4145071506500244
powder_600_800,726.5,humanities,humanities_test,1,vanillalstm,1.7471743822097778,2.2463717460632324
powder_600_800,727.5,humanities,humanities_test,1,vanillalstm,1.6477069854736328,2.1590211391448975
powder_600_800,728.5,humanities,humanities_test,1,vanillalstm,1.2633939981460571,1.7073243856430054
powder_600_800,729.5,humanities,humanities_test,1,vanillalstm,1.706156849861145,2.266425609588623
powder_600_800,730.5,humanities,humanities_test,1,vanillalstm,1.3611458539962769,1.7810485363006592
powder_600_800,731.5,humanities,humanities_test,1,vanillalstm,1.1878563165664673,1.633358359336853
powder_600_800,732.5,humanities,humanities_test,1,vanillalstm,1.58612859249115,2.088890314102173
powder_600_800,733.5,humanities,humanities_test,1,vanillalstm,1.0846675634384155,1.3833861351013184
powder_600_800,734.5,humanities,humanities_test,1,vanillalstm,1.170318841934204,1.5381633043289185
powder_600_800,735.5,humanities,humanities_test,1,vanillalstm,1.3450140953063965,1.734501838684082
powder_600_800,736.5,humanities,humanities_test,1,vanillalstm,1.6160588264465332,2.0165281295776367
powder_600_800,737.5,humanities,humanities_test,1,vanillalstm,1.6596825122833252,1.9814728498458862
powder_600_800,738.5,humanities,humanities_test,1,vanillalstm,1.0445903539657593,1.3838074207305908
powder_600_800,739.5,humanities,humanities_test,1,vanillalstm,0.9023222923278809,1.2426793575286865
powder_600_800,740.5,humanities,humanities_test,1,vanillalstm,1.5561156272888184,1.9039114713668823
powder_600_800,741.5,humanities,humanities_test,1,vanillalstm,1.4770550727844238,2.049443006515503
powder_600_800,742.5,humanities,humanities_test,1,vanillalstm,1.3457456827163696,1.8292622566223145
powder_600_800,743.5,humanities,humanities_test,1,vanillalstm,1.4148485660552979,2.0682995319366455
powder_600_800,744.5,humanities,humanities_test,1,vanillalstm,0.30901873111724854,0.4390609562397003
powder_600_800,745.5,humanities,humanities_test,1,vanillalstm,0.317687064409256,0.4506705105304718
powder_600_800,746.5,humanities,humanities_test,1,vanillalstm,0.9902778267860413,1.3090547323226929
powder_600_800,747.5,humanities,humanities_test,1,vanillalstm,1.7486926317214966,2.455838680267334
powder_600_800,748.5,humanities,humanities_test,1,vanillalstm,1.8100117444992065,2.5101802349090576
powder_600_800,749.5,humanities,humanities_test,1,vanillalstm,1.8497790098190308,2.6298625469207764
powder_600_800,750.5,humanities,humanities_test,1,vanillalstm,1.625157356262207,2.2977349758148193
powder_600_800,751.5,humanities,humanities_test,1,vanillalstm,1.831030011177063,2.4961583614349365
powder_600_800,752.5,humanities,humanities_test,1,vanillalstm,1.9036791324615479,2.5995290279388428
powder_600_800,753.5,humanities,humanities_test,1,vanillalstm,1.9299150705337524,2.492272138595581
powder_600_800,754.5,humanities,humanities_test,1,vanillalstm,1.634612798690796,2.2351508140563965
powder_600_800,755.5,humanities,humanities_test,1,vanillalstm,1.6220674514770508,2.3189797401428223
powder_600_800,756.5,humanities,humanities_test,1,vanillalstm,0.3542541563510895,0.5080298781394958
powder_600_800,757.5,humanities,humanities_test,1,vanillalstm,0.25208646059036255,0.35829395055770874
powder_600_800,758.5,humanities,humanities_test,1,vanillalstm,1.0096944570541382,1.4008827209472656
powder_600_800,759.5,humanities,humanities_test,1,vanillalstm,1.0914087295532227,1.481913685798645
powder_600_800,760.5,humanities,humanities_test,1,vanillalstm,1.0327616930007935,1.397782564163208
powder_600_800,761.5,humanities,humanities_test,1,vanillalstm,1.0250961780548096,1.37617826461792
powder_600_800,762.5,humanities,humanities_test,1,vanillalstm,1.0228996276855469,1.3756077289581299
powder_600_800,763.5,humanities,humanities_test,1,vanillalstm,0.8274235129356384,1.123244285583496
powder_600_800,764.5,humanities,humanities_test,1,vanillalstm,0.9621334671974182,1.2533459663391113
powder_600_800,765.5,humanities,humanities_test,1,vanillalstm,0.9554963707923889,1.2391878366470337
powder_600_800,766.5,humanities,humanities_test,1,vanillalstm,0.9296758770942688,1.2204854488372803
powder_600_800,767.5,humanities,humanities_test,1,vanillalstm,1.0439153909683228,1.4914791584014893
powder_600_800,768.5,humanities,humanities_test,1,vanillalstm,0.044986236840486526,0.060610588639974594
powder_600_800,769.5,humanities,humanities_test,1,vanillalstm,10.219654083251953,11.060283660888672
powder_600_800,770.5,humanities,humanities_test,1,vanillalstm,0.044307559728622437,0.06129781901836395
powder_600_800,771.5,humanities,humanities_test,1,vanillalstm,8.706809997558594,9.484856605529785
powder_600_800,772.5,humanities,humanities_test,1,vanillalstm,9.002543449401855,9.88627815246582
powder_600_800,773.5,humanities,humanities_test,1,vanillalstm,9.59780216217041,10.491166114807129
powder_600_800,774.5,humanities,humanities_test,1,vanillalstm,5.825858116149902,6.3271379470825195
powder_600_800,775.5,humanities,humanities_test,1,vanillalstm,0.031658999621868134,0.03969723731279373
powder_600_800,776.5,humanities,humanities_test,1,vanillalstm,0.05027671530842781,0.0633515939116478
powder_600_800,777.5,humanities,humanities_test,1,vanillalstm,0.04771125316619873,0.060990650206804276
powder_600_800,778.5,humanities,humanities_test,1,vanillalstm,0.01844986155629158,0.023682909086346626
powder_600_800,779.5,humanities,humanities_test,1,vanillalstm,0.01733878254890442,0.02163027785718441
powder_600_800,780.5,humanities,humanities_test,1,vanillalstm,0.017610061913728714,0.0225240346044302
powder_600_800,781.5,humanities,humanities_test,1,vanillalstm,0.01727316901087761,0.022279273718595505
powder_600_800,782.5,humanities,humanities_test,1,vanillalstm,0.0180069450289011,0.02369724027812481
powder_600_800,783.5,humanities,humanities_test,1,vanillalstm,0.01726948656141758,0.021621262654662132
powder_600_800,784.5,humanities,humanities_test,1,vanillalstm,0.017116021364927292,0.021884746849536896
powder_600_800,785.5,humanities,humanities_test,1,vanillalstm,0.018239591270685196,0.022642340511083603
powder_600_800,786.5,humanities,humanities_test,1,vanillalstm,0.01817268133163452,0.022459503263235092
powder_600_800,787.5,humanities,humanities_test,1,vanillalstm,0.01903330162167549,0.023658573627471924
powder_600_800,788.5,humanities,humanities_test,1,vanillalstm,0.018389753997325897,0.022624313831329346
powder_600_800,789.5,humanities,humanities_test,1,vanillalstm,0.04288511723279953,0.05494612827897072
powder_600_800,790.5,humanities,humanities_test,1,vanillalstm,0.053520120680332184,0.06844642013311386
powder_600_800,791.5,humanities,humanities_test,1,vanillalstm,0.0552356131374836,0.07302176207304001
powder_600_800,792.5,humanities,humanities_test,1,vanillalstm,0.058315668255090714,0.07711698859930038
powder_600_800,793.5,humanities,humanities_test,1,vanillalstm,0.07325924187898636,0.09310548007488251
powder_600_800,794.5,humanities,humanities_test,1,vanillalstm,0.11383156478404999,0.14599519968032837
powder_600_800,795.5,humanities,humanities_test,1,vanillalstm,0.022204425185918808,0.028135260567069054
powder_600_800,796.5,humanities,humanities_test,1,vanillalstm,0.02392655238509178,0.031083902344107628
powder_600_800,797.5,humanities,humanities_test,1,vanillalstm,0.02318386361002922,0.02896982803940773
powder_600_800,798.5,humanities,humanities_test,1,vanillalstm,0.024044238030910492,0.030048787593841553
powder_600_800,799.5,humanities,humanities_test,1,vanillalstm,0.08225960284471512,0.4890980124473572
powder_600_800,600.5,humanities,humanities_test,5,vanillalstm,7.284966945648193,7.919091701507568
powder_600_800,601.5,humanities,humanities_test,5,vanillalstm,5.166655540466309,5.86722469329834
powder_600_800,602.5,humanities,humanities_test,5,vanillalstm,3.074409008026123,3.7501399517059326
powder_600_800,603.5,humanities,humanities_test,5,vanillalstm,2.231736421585083,2.549128293991089
powder_600_800,604.5,humanities,humanities_test,5,vanillalstm,1.6383788585662842,2.773102045059204
powder_600_800,605.5,humanities,humanities_test,5,vanillalstm,1.3957226276397705,2.146679162979126
powder_600_800,606.5,humanities,humanities_test,5,vanillalstm,1.6468231678009033,2.7603418827056885
powder_600_800,607.5,humanities,humanities_test,5,vanillalstm,1.5812715291976929,2.632394552230835
powder_600_800,608.5,humanities,humanities_test,5,vanillalstm,0.023413024842739105,0.03289597108960152
powder_600_800,609.5,humanities,humanities_test,5,vanillalstm,0.024322858080267906,0.03129509463906288
powder_600_800,610.5,humanities,humanities_test,5,vanillalstm,0.025378601625561714,0.0327785350382328
powder_600_800,611.5,humanities,humanities_test,5,vanillalstm,0.02663133479654789,0.03449932858347893
powder_600_800,612.5,humanities,humanities_test,5,vanillalstm,0.0266482625156641,0.03513382747769356
powder_600_800,613.5,humanities,humanities_test,5,vanillalstm,0.025304213166236877,0.036676276475191116
powder_600_800,614.5,humanities,humanities_test,5,vanillalstm,0.03198504447937012,0.04563108831644058
powder_600_800,615.5,humanities,humanities_test,5,vanillalstm,0.040645092725753784,0.05738899111747742
powder_600_800,616.5,humanities,humanities_test,5,vanillalstm,0.04482026398181915,0.058735769242048264
powder_600_800,617.5,humanities,humanities_test,5,vanillalstm,0.05367252230644226,0.1706312596797943
powder_600_800,618.5,humanities,humanities_test,5,vanillalstm,0.06889670342206955,0.08414158970117569
powder_600_800,619.5,humanities,humanities_test,5,vanillalstm,0.0572955459356308,0.06887314468622208
powder_600_800,620.5,humanities,humanities_test,5,vanillalstm,0.055441293865442276,0.08738234639167786
powder_600_800,621.5,humanities,humanities_test,5,vanillalstm,0.032040875405073166,0.047832999378442764
powder_600_800,622.5,humanities,humanities_test,5,vanillalstm,3.093043565750122,4.090805530548096
powder_600_800,623.5,humanities,humanities_test,5,vanillalstm,2.6283183097839355,3.3702592849731445
powder_600_800,624.5,humanities,humanities_test,5,vanillalstm,2.021707057952881,2.7607674598693848
powder_600_800,625.5,humanities,humanities_test,5,vanillalstm,2.6122477054595947,3.6193594932556152
powder_600_800,626.5,humanities,humanities_test,5,vanillalstm,2.197690010070801,3.1208126544952393
powder_600_800,627.5,humanities,humanities_test,5,vanillalstm,2.1955604553222656,3.094122886657715
powder_600_800,628.5,humanities,humanities_test,5,vanillalstm,1.439680814743042,1.9770323038101196
powder_600_800,629.5,humanities,humanities_test,5,vanillalstm,2.1369190216064453,2.888404369354248
powder_600_800,630.5,humanities,humanities_test,5,vanillalstm,2.6456334590911865,3.4945483207702637
powder_600_800,631.5,humanities,humanities_test,5,vanillalstm,2.779564619064331,3.589313268661499
powder_600_800,632.5,humanities,humanities_test,5,vanillalstm,3.0005276203155518,3.8764259815216064
powder_600_800,633.5,humanities,humanities_test,5,vanillalstm,2.8983101844787598,3.810967206954956
powder_600_800,634.5,humanities,humanities_test,5,vanillalstm,2.5657341480255127,3.3409361839294434
powder_600_800,635.5,humanities,humanities_test,5,vanillalstm,2.9598894119262695,3.8179359436035156
powder_600_800,636.5,humanities,humanities_test,5,vanillalstm,3.135878086090088,4.109832286834717
powder_600_800,637.5,humanities,humanities_test,5,vanillalstm,2.8840816020965576,3.77673077583313
powder_600_800,638.5,humanities,humanities_test,5,vanillalstm,3.6030094623565674,4.785826683044434
powder_600_800,639.5,humanities,humanities_test,5,vanillalstm,3.346168041229248,4.424228191375732
powder_600_800,640.5,humanities,humanities_test,5,vanillalstm,3.2402989864349365,4.237536907196045
powder_600_800,641.5,humanities,humanities_test,5,vanillalstm,2.703756093978882,3.80271577835083
powder_600_800,642.5,humanities,humanities_test,5,vanillalstm,0.8340184092521667,1.1802904605865479
powder_600_800,643.5,humanities,humanities_test,5,vanillalstm,0.9340111017227173,1.3414331674575806
powder_600_800,644.5,humanities,humanities_test,5,vanillalstm,1.2828580141067505,1.7107453346252441
powder_600_800,645.5,humanities,humanities_test,5,vanillalstm,1.1346697807312012,1.5837610960006714
powder_600_800,646.5,humanities,humanities_test,5,vanillalstm,3.0822842121124268,3.3538527488708496
powder_600_800,647.5,humanities,humanities_test,5,vanillalstm,1.9080631732940674,2.353639602661133
powder_600_800,648.5,humanities,humanities_test,5,vanillalstm,2.421142578125,3.0068397521972656
powder_600_800,649.5,humanities,humanities_test,5,vanillalstm,2.502275228500366,3.1535022258758545
powder_600_800,650.5,humanities,humanities_test,5,vanillalstm,2.874056577682495,3.6413650512695312
powder_600_800,651.5,humanities,humanities_test,5,vanillalstm,3.0369718074798584,4.036604404449463
powder_600_800,652.5,humanities,humanities_test,5,vanillalstm,2.3019754886627197,2.8714370727539062
powder_600_800,653.5,humanities,humanities_test,5,vanillalstm,1.959052324295044,2.4443509578704834
powder_600_800,654.5,humanities,humanities_test,5,vanillalstm,1.7530745267868042,2.204507827758789
powder_600_800,655.5,humanities,humanities_test,5,vanillalstm,1.707244634628296,2.075324773788452
powder_600_800,656.5,humanities,humanities_test,5,vanillalstm,0.975170910358429,1.6420342922210693
powder_600_800,657.5,humanities,humanities_test,5,vanillalstm,1.974998116493225,2.623400926589966
powder_600_800,658.5,humanities,humanities_test,5,vanillalstm,1.8797560930252075,2.2614552974700928
powder_600_800,659.5,humanities,humanities_test,5,vanillalstm,1.783962607383728,2.409064531326294
powder_600_800,660.5,humanities,humanities_test,5,vanillalstm,1.2688353061676025,1.9776438474655151
powder_600_800,661.5,humanities,humanities_test,5,vanillalstm,0.8147683143615723,1.2516788244247437
powder_600_800,662.5,humanities,humanities_test,5,vanillalstm,1.3024249076843262,1.6928645372390747
powder_600_800,663.5,humanities,humanities_test,5,vanillalstm,1.496345043182373,1.9812709093093872
powder_600_800,664.5,humanities,humanities_test,5,vanillalstm,1.8312726020812988,2.377500057220459
powder_600_800,665.5,humanities,humanities_test,5,vanillalstm,1.6269904375076294,2.200559377670288
powder_600_800,666.5,humanities,humanities_test,5,vanillalstm,1.6341851949691772,2.330350160598755
powder_600_800,667.5,humanities,humanities_test,5,vanillalstm,1.9625424146652222,2.5001373291015625
powder_600_800,668.5,humanities,humanities_test,5,vanillalstm,1.2764924764633179,1.659000277519226
powder_600_800,669.5,humanities,humanities_test,5,vanillalstm,1.2961965799331665,1.9038808345794678
powder_600_800,670.5,humanities,humanities_test,5,vanillalstm,1.391905665397644,2.063439130783081
powder_600_800,671.5,humanities,humanities_test,5,vanillalstm,1.2834391593933105,1.8072861433029175
powder_600_800,672.5,humanities,humanities_test,5,vanillalstm,1.2142528295516968,1.6748284101486206
powder_600_800,673.5,humanities,humanities_test,5,vanillalstm,0.9448359608650208,1.3548991680145264
powder_600_800,674.5,humanities,humanities_test,5,vanillalstm,0.4772595167160034,0.7423629760742188
powder_600_800,675.5,humanities,humanities_test,5,vanillalstm,0.37784543633461,0.6476436853408813
powder_600_800,676.5,humanities,humanities_test,5,vanillalstm,0.018717646598815918,0.029265141114592552
powder_600_800,677.5,humanities,humanities_test,5,vanillalstm,0.01721090078353882,0.028672467917203903
powder_600_800,678.5,humanities,humanities_test,5,vanillalstm,0.01652597263455391,0.021359214559197426
powder_600_800,679.5,humanities,humanities_test,5,vanillalstm,0.015423094853758812,0.022113079205155373
powder_600_800,680.5,humanities,humanities_test,5,vanillalstm,0.015238206833600998,0.022120947018265724
powder_600_800,681.5,humanities,humanities_test,5,vanillalstm,0.015280899591743946,0.022399654611945152
powder_600_800,682.5,humanities,humanities_test,5,vanillalstm,0.016532929614186287,0.025274407118558884
powder_600_800,683.5,humanities,humanities_test,5,vanillalstm,0.015809962525963783,0.028549866750836372
powder_600_800,684.5,humanities,humanities_test,5,vanillalstm,0.015527238138020039,0.021819014102220535
powder_600_800,685.5,humanities,humanities_test,5,vanillalstm,0.01606651023030281,0.02952311560511589
powder_600_800,686.5,humanities,humanities_test,5,vanillalstm,0.06293335556983948,0.18809258937835693
powder_600_800,687.5,humanities,humanities_test,5,vanillalstm,0.016354713588953018,0.028736433014273643
powder_600_800,688.5,humanities,humanities_test,5,vanillalstm,0.01672486588358879,0.02118591219186783
powder_600_800,689.5,humanities,humanities_test,5,vanillalstm,0.01694761961698532,0.02164890058338642
powder_600_800,690.5,humanities,humanities_test,5,vanillalstm,0.6045558452606201,0.8320803046226501
powder_600_800,691.5,humanities,humanities_test,5,vanillalstm,0.6395556926727295,0.8204312920570374
powder_600_800,692.5,humanities,humanities_test,5,vanillalstm,1.2037160396575928,1.4700288772583008
powder_600_800,693.5,humanities,humanities_test,5,vanillalstm,1.098836898803711,1.4330915212631226
powder_600_800,694.5,humanities,humanities_test,5,vanillalstm,1.3050352334976196,1.6571521759033203
powder_600_800,695.5,humanities,humanities_test,5,vanillalstm,1.3665095567703247,1.7123336791992188
powder_600_800,696.5,humanities,humanities_test,5,vanillalstm,1.4159390926361084,1.769339680671692
powder_600_800,697.5,humanities,humanities_test,5,vanillalstm,1.3320928812026978,1.7141292095184326
powder_600_800,698.5,humanities,humanities_test,5,vanillalstm,1.5613731145858765,1.9340004920959473
powder_600_800,699.5,humanities,humanities_test,5,vanillalstm,1.4732364416122437,1.8596556186676025
powder_600_800,700.5,humanities,humanities_test,5,vanillalstm,1.069015383720398,1.3261128664016724
powder_600_800,701.5,humanities,humanities_test,5,vanillalstm,0.6553120613098145,0.8590623736381531
powder_600_800,702.5,humanities,humanities_test,5,vanillalstm,0.9461113214492798,1.200972557067871
powder_600_800,703.5,humanities,humanities_test,5,vanillalstm,0.8559335470199585,1.124945044517517
powder_600_800,704.5,humanities,humanities_test,5,vanillalstm,1.1313871145248413,1.6446088552474976
powder_600_800,705.5,humanities,humanities_test,5,vanillalstm,1.246828317642212,1.6121221780776978
powder_600_800,706.5,humanities,humanities_test,5,vanillalstm,1.278766393661499,1.7875678539276123
powder_600_800,707.5,humanities,humanities_test,5,vanillalstm,1.634677529335022,1.9708034992218018
powder_600_800,708.5,humanities,humanities_test,5,vanillalstm,1.4314086437225342,1.8854939937591553
powder_600_800,709.5,humanities,humanities_test,5,vanillalstm,1.3227871656417847,1.8136861324310303
powder_600_800,710.5,humanities,humanities_test,5,vanillalstm,1.363521933555603,1.8324724435806274
powder_600_800,711.5,humanities,humanities_test,5,vanillalstm,1.6681095361709595,2.12579607963562
powder_600_800,712.5,humanities,humanities_test,5,vanillalstm,1.8726725578308105,2.31909441947937
powder_600_800,713.5,humanities,humanities_test,5,vanillalstm,1.5855531692504883,2.0086796283721924
powder_600_800,714.5,humanities,humanities_test,5,vanillalstm,1.7108259201049805,2.0957884788513184
powder_600_800,715.5,humanities,humanities_test,5,vanillalstm,1.233755350112915,1.5902838706970215
powder_600_800,716.5,humanities,humanities_test,5,vanillalstm,1.3317941427230835,1.7747739553451538
powder_600_800,717.5,humanities,humanities_test,5,vanillalstm,1.054207444190979,1.3044883012771606
powder_600_800,718.5,humanities,humanities_test,5,vanillalstm,1.0349979400634766,1.405188798904419
powder_600_800,719.5,humanities,humanities_test,5,vanillalstm,0.9993553757667542,1.3580572605133057
powder_600_800,720.5,humanities,humanities_test,5,vanillalstm,1.1158534288406372,1.504015326499939
powder_600_800,721.5,humanities,humanities_test,5,vanillalstm,1.1678895950317383,1.4907312393188477
powder_600_800,722.5,humanities,humanities_test,5,vanillalstm,1.3426235914230347,1.9257227182388306
powder_600_800,723.5,humanities,humanities_test,5,vanillalstm,1.4247890710830688,1.7883343696594238
powder_600_800,724.5,humanities,humanities_test,5,vanillalstm,1.905396819114685,2.4447803497314453
powder_600_800,725.5,humanities,humanities_test,5,vanillalstm,1.8435306549072266,2.418747901916504
powder_600_800,726.5,humanities,humanities_test,5,vanillalstm,1.7473526000976562,2.253901720046997
powder_600_800,727.5,humanities,humanities_test,5,vanillalstm,1.6546940803527832,2.172553539276123
powder_600_800,728.5,humanities,humanities_test,5,vanillalstm,1.2762426137924194,1.725014090538025
powder_600_800,729.5,humanities,humanities_test,5,vanillalstm,1.720149040222168,2.306417226791382
powder_600_800,730.5,humanities,humanities_test,5,vanillalstm,1.3767465353012085,1.8182381391525269
powder_600_800,731.5,humanities,humanities_test,5,vanillalstm,1.2100292444229126,1.6637178659439087
powder_600_800,732.5,humanities,humanities_test,5,vanillalstm,1.6025798320770264,2.1291072368621826
powder_600_800,733.5,humanities,humanities_test,5,vanillalstm,1.0951635837554932,1.3975518941879272
powder_600_800,734.5,humanities,humanities_test,5,vanillalstm,1.19340181350708,1.5719578266143799
powder_600_800,735.5,humanities,humanities_test,5,vanillalstm,1.3699188232421875,1.774746060371399
powder_600_800,736.5,humanities,humanities_test,5,vanillalstm,1.643693208694458,2.0615057945251465
powder_600_800,737.5,humanities,humanities_test,5,vanillalstm,1.6820355653762817,2.01759934425354
powder_600_800,738.5,humanities,humanities_test,5,vanillalstm,1.0668703317642212,1.4157919883728027
powder_600_800,739.5,humanities,humanities_test,5,vanillalstm,0.9205862283706665,1.2693828344345093
powder_600_800,740.5,humanities,humanities_test,5,vanillalstm,1.575266718864441,1.9391052722930908
powder_600_800,741.5,humanities,humanities_test,5,vanillalstm,1.50591242313385,2.093193531036377
powder_600_800,742.5,humanities,humanities_test,5,vanillalstm,1.375949740409851,1.8732446432113647
powder_600_800,743.5,humanities,humanities_test,5,vanillalstm,1.4608203172683716,2.1141772270202637
powder_600_800,744.5,humanities,humanities_test,5,vanillalstm,0.3077235519886017,0.4374346137046814
powder_600_800,745.5,humanities,humanities_test,5,vanillalstm,0.31541842222213745,0.4481770992279053
powder_600_800,746.5,humanities,humanities_test,5,vanillalstm,0.9879146814346313,1.306287407875061
powder_600_800,747.5,humanities,humanities_test,5,vanillalstm,1.7531074285507202,2.4611289501190186
powder_600_800,748.5,humanities,humanities_test,5,vanillalstm,1.812799096107483,2.5125436782836914
powder_600_800,749.5,humanities,humanities_test,5,vanillalstm,1.8588045835494995,2.634132146835327
powder_600_800,750.5,humanities,humanities_test,5,vanillalstm,1.625893473625183,2.298067092895508
powder_600_800,751.5,humanities,humanities_test,5,vanillalstm,1.818635106086731,2.4866695404052734
powder_600_800,752.5,humanities,humanities_test,5,vanillalstm,1.8886065483093262,2.5826847553253174
powder_600_800,753.5,humanities,humanities_test,5,vanillalstm,1.9173227548599243,2.472709894180298
powder_600_800,754.5,humanities,humanities_test,5,vanillalstm,1.6325271129608154,2.2312257289886475
powder_600_800,755.5,humanities,humanities_test,5,vanillalstm,1.6295695304870605,2.327829360961914
powder_600_800,756.5,humanities,humanities_test,5,vanillalstm,0.3531559109687805,0.5076131820678711
powder_600_800,757.5,humanities,humanities_test,5,vanillalstm,0.2514217495918274,0.3576899766921997
powder_600_800,758.5,humanities,humanities_test,5,vanillalstm,1.0280288457870483,1.4215854406356812
powder_600_800,759.5,humanities,humanities_test,5,vanillalstm,1.1081420183181763,1.50432550907135
powder_600_800,760.5,humanities,humanities_test,5,vanillalstm,1.0457590818405151,1.4177303314208984
powder_600_800,761.5,humanities,humanities_test,5,vanillalstm,1.0372589826583862,1.3958898782730103
powder_600_800,762.5,humanities,humanities_test,5,vanillalstm,1.032711148262024,1.3914945125579834
powder_600_800,763.5,humanities,humanities_test,5,vanillalstm,0.8350980877876282,1.136775016784668
powder_600_800,764.5,humanities,humanities_test,5,vanillalstm,0.9688504338264465,1.263486385345459
powder_600_800,765.5,humanities,humanities_test,5,vanillalstm,0.9592537879943848,1.2439213991165161
powder_600_800,766.5,humanities,humanities_test,5,vanillalstm,0.9369980096817017,1.2283495664596558
powder_600_800,767.5,humanities,humanities_test,5,vanillalstm,1.0522537231445312,1.5014749765396118
powder_600_800,768.5,humanities,humanities_test,5,vanillalstm,0.045040082186460495,0.060619913041591644
powder_600_800,769.5,humanities,humanities_test,5,vanillalstm,10.211060523986816,11.05534553527832
powder_600_800,770.5,humanities,humanities_test,5,vanillalstm,0.044205378741025925,0.06130902096629143
powder_600_800,771.5,humanities,humanities_test,5,vanillalstm,8.69141960144043,9.478989601135254
powder_600_800,772.5,humanities,humanities_test,5,vanillalstm,8.990852355957031,9.887285232543945
powder_600_800,773.5,humanities,humanities_test,5,vanillalstm,9.591242790222168,10.491077423095703
powder_600_800,774.5,humanities,humanities_test,5,vanillalstm,5.830071926116943,6.330032825469971
powder_600_800,775.5,humanities,humanities_test,5,vanillalstm,0.03128177300095558,0.03908690810203552
powder_600_800,776.5,humanities,humanities_test,5,vanillalstm,0.049561597406864166,0.06241859868168831
powder_600_800,777.5,humanities,humanities_test,5,vanillalstm,0.047521889209747314,0.06049753352999687
powder_600_800,778.5,humanities,humanities_test,5,vanillalstm,0.018537340685725212,0.02371809631586075
powder_600_800,779.5,humanities,humanities_test,5,vanillalstm,0.01744931936264038,0.021682681515812874
powder_600_800,780.5,humanities,humanities_test,5,vanillalstm,0.017729615792632103,0.02258201129734516
powder_600_800,781.5,humanities,humanities_test,5,vanillalstm,0.017404742538928986,0.022349875420331955
powder_600_800,782.5,humanities,humanities_test,5,vanillalstm,0.01813504286110401,0.023794423788785934
powder_600_800,783.5,humanities,humanities_test,5,vanillalstm,0.01739749312400818,0.02170337736606598
powder_600_800,784.5,humanities,humanities_test,5,vanillalstm,0.017252419143915176,0.021977899596095085
powder_600_800,785.5,humanities,humanities_test,5,vanillalstm,0.018426809459924698,0.022758370265364647
powder_600_800,786.5,humanities,humanities_test,5,vanillalstm,0.01831059157848358,0.02258222922682762
powder_600_800,787.5,humanities,humanities_test,5,vanillalstm,0.019178401678800583,0.02378271520137787
powder_600_800,788.5,humanities,humanities_test,5,vanillalstm,0.0185575969517231,0.022767867892980576
powder_600_800,789.5,humanities,humanities_test,5,vanillalstm,0.042531296610832214,0.05437111482024193
powder_600_800,790.5,humanities,humanities_test,5,vanillalstm,0.053003255277872086,0.06766580045223236
powder_600_800,791.5,humanities,humanities_test,5,vanillalstm,0.054632749408483505,0.07219655066728592
powder_600_800,792.5,humanities,humanities_test,5,vanillalstm,0.05775555595755577,0.07632336020469666
powder_600_800,793.5,humanities,humanities_test,5,vanillalstm,0.07244443148374557,0.09187562763690948
powder_600_800,794.5,humanities,humanities_test,5,vanillalstm,0.11278831213712692,0.14449498057365417
powder_600_800,795.5,humanities,humanities_test,5,vanillalstm,0.022368889302015305,0.028252730146050453
powder_600_800,796.5,humanities,humanities_test,5,vanillalstm,0.024110347032546997,0.031219638884067535
powder_600_800,797.5,humanities,humanities_test,5,vanillalstm,0.023404477164149284,0.029163053259253502
powder_600_800,798.5,humanities,humanities_test,5,vanillalstm,0.024290146306157112,0.030272889882326126
powder_600_800,799.5,humanities,humanities_test,5,vanillalstm,0.08247915655374527,0.48908284306526184
powder_600_800,600.5,humanities,humanities_test,15,vanillalstm,7.412766456604004,8.062895774841309
powder_600_800,601.5,humanities,humanities_test,15,vanillalstm,5.369838714599609,6.079327583312988
powder_600_800,602.5,humanities,humanities_test,15,vanillalstm,3.141969680786133,3.808844804763794
powder_600_800,603.5,humanities,humanities_test,15,vanillalstm,2.2777628898620605,2.649052619934082
powder_600_800,604.5,humanities,humanities_test,15,vanillalstm,1.708071231842041,2.834636926651001
powder_600_800,605.5,humanities,humanities_test,15,vanillalstm,1.4095158576965332,2.174727439880371
powder_600_800,606.5,humanities,humanities_test,15,vanillalstm,1.6784509420394897,2.7844862937927246
powder_600_800,607.5,humanities,humanities_test,15,vanillalstm,1.610755205154419,2.6572718620300293
powder_600_800,608.5,humanities,humanities_test,15,vanillalstm,0.025171879678964615,0.03459510952234268
powder_600_800,609.5,humanities,humanities_test,15,vanillalstm,0.0253155417740345,0.03226131573319435
powder_600_800,610.5,humanities,humanities_test,15,vanillalstm,0.026144374161958694,0.033394280821084976
powder_600_800,611.5,humanities,humanities_test,15,vanillalstm,0.027008699253201485,0.03466937690973282
powder_600_800,612.5,humanities,humanities_test,15,vanillalstm,0.026846421882510185,0.03517583757638931
powder_600_800,613.5,humanities,humanities_test,15,vanillalstm,0.025534557178616524,0.03694409504532814
powder_600_800,614.5,humanities,humanities_test,15,vanillalstm,0.032427020370960236,0.046116553246974945
powder_600_800,615.5,humanities,humanities_test,15,vanillalstm,0.04148105904459953,0.058098338544368744
powder_600_800,616.5,humanities,humanities_test,15,vanillalstm,0.0460297055542469,0.05978713184595108
powder_600_800,617.5,humanities,humanities_test,15,vanillalstm,0.055063892155885696,0.1710631251335144
powder_600_800,618.5,humanities,humanities_test,15,vanillalstm,0.06984037905931473,0.08555223047733307
powder_600_800,619.5,humanities,humanities_test,15,vanillalstm,0.05773354321718216,0.06939072906970978
powder_600_800,620.5,humanities,humanities_test,15,vanillalstm,0.056056760251522064,0.08750836551189423
powder_600_800,621.5,humanities,humanities_test,15,vanillalstm,0.03229428082704544,0.04766808822751045
powder_600_800,622.5,humanities,humanities_test,15,vanillalstm,3.279568672180176,4.306628227233887
powder_600_800,623.5,humanities,humanities_test,15,vanillalstm,2.758624792098999,3.5054006576538086
powder_600_800,624.5,humanities,humanities_test,15,vanillalstm,2.169469118118286,2.8873207569122314
powder_600_800,625.5,humanities,humanities_test,15,vanillalstm,2.7884202003479004,3.7629480361938477
powder_600_800,626.5,humanities,humanities_test,15,vanillalstm,2.3159196376800537,3.2003719806671143
powder_600_800,627.5,humanities,humanities_test,15,vanillalstm,2.34502911567688,3.2153873443603516
powder_600_800,628.5,humanities,humanities_test,15,vanillalstm,1.5602954626083374,2.1001291275024414
powder_600_800,629.5,humanities,humanities_test,15,vanillalstm,2.3136842250823975,3.076814889907837
powder_600_800,630.5,humanities,humanities_test,15,vanillalstm,2.8196959495544434,3.6965830326080322
powder_600_800,631.5,humanities,humanities_test,15,vanillalstm,2.9785118103027344,3.826338052749634
powder_600_800,632.5,humanities,humanities_test,15,vanillalstm,3.1998376846313477,4.1121392250061035
powder_600_800,633.5,humanities,humanities_test,15,vanillalstm,3.112827777862549,4.031961917877197
powder_600_800,634.5,humanities,humanities_test,15,vanillalstm,2.734543561935425,3.529700517654419
powder_600_800,635.5,humanities,humanities_test,15,vanillalstm,3.1687912940979004,4.0766801834106445
powder_600_800,636.5,humanities,humanities_test,15,vanillalstm,3.3197555541992188,4.31929874420166
powder_600_800,637.5,humanities,humanities_test,15,vanillalstm,3.0887773036956787,4.032222270965576
powder_600_800,638.5,humanities,humanities_test,15,vanillalstm,3.815134286880493,5.009372234344482
powder_600_800,639.5,humanities,humanities_test,15,vanillalstm,3.5919125080108643,4.713552951812744
powder_600_800,640.5,humanities,humanities_test,15,vanillalstm,3.4174468517303467,4.464109897613525
powder_600_800,641.5,humanities,humanities_test,15,vanillalstm,2.9002041816711426,4.000625133514404
powder_600_800,642.5,humanities,humanities_test,15,vanillalstm,0.8317127227783203,1.1784077882766724
powder_600_800,643.5,humanities,humanities_test,15,vanillalstm,0.9368414878845215,1.3415342569351196
powder_600_800,644.5,humanities,humanities_test,15,vanillalstm,1.2719424962997437,1.7082819938659668
powder_600_800,645.5,humanities,humanities_test,15,vanillalstm,1.1410688161849976,1.5847289562225342
powder_600_800,646.5,humanities,humanities_test,15,vanillalstm,3.019411563873291,3.2944583892822266
powder_600_800,647.5,humanities,humanities_test,15,vanillalstm,1.9200758934020996,2.3711447715759277
powder_600_800,648.5,humanities,humanities_test,15,vanillalstm,2.401601791381836,2.975726842880249
powder_600_800,649.5,humanities,humanities_test,15,vanillalstm,2.4915385246276855,3.1196200847625732
powder_600_800,650.5,humanities,humanities_test,15,vanillalstm,2.843754529953003,3.596100330352783
powder_600_800,651.5,humanities,humanities_test,15,vanillalstm,3.0003273487091064,3.9670491218566895
powder_600_800,652.5,humanities,humanities_test,15,vanillalstm,2.2958357334136963,2.8591504096984863
powder_600_800,653.5,humanities,humanities_test,15,vanillalstm,1.968998670578003,2.440488576889038
powder_600_800,654.5,humanities,humanities_test,15,vanillalstm,1.7833223342895508,2.221916913986206
powder_600_800,655.5,humanities,humanities_test,15,vanillalstm,1.6994543075561523,2.0699450969696045
powder_600_800,656.5,humanities,humanities_test,15,vanillalstm,0.973258376121521,1.6413313150405884
powder_600_800,657.5,humanities,humanities_test,15,vanillalstm,1.9710378646850586,2.631446123123169
powder_600_800,658.5,humanities,humanities_test,15,vanillalstm,1.8919671773910522,2.2902414798736572
powder_600_800,659.5,humanities,humanities_test,15,vanillalstm,1.8023147583007812,2.4367895126342773
powder_600_800,660.5,humanities,humanities_test,15,vanillalstm,1.287743091583252,1.9766358137130737
powder_600_800,661.5,humanities,humanities_test,15,vanillalstm,0.8353134989738464,1.2685351371765137
powder_600_800,662.5,humanities,humanities_test,15,vanillalstm,1.3141248226165771,1.7120381593704224
powder_600_800,663.5,humanities,humanities_test,15,vanillalstm,1.5363250970840454,2.0476574897766113
powder_600_800,664.5,humanities,humanities_test,15,vanillalstm,1.887865662574768,2.460296630859375
powder_600_800,665.5,humanities,humanities_test,15,vanillalstm,1.6970463991165161,2.283259630203247
powder_600_800,666.5,humanities,humanities_test,15,vanillalstm,1.719053864479065,2.410492181777954
powder_600_800,667.5,humanities,humanities_test,15,vanillalstm,2.0699055194854736,2.6101489067077637
powder_600_800,668.5,humanities,humanities_test,15,vanillalstm,1.3622714281082153,1.7591079473495483
powder_600_800,669.5,humanities,humanities_test,15,vanillalstm,1.3580518960952759,1.9702385663986206
powder_600_800,670.5,humanities,humanities_test,15,vanillalstm,1.4359948635101318,2.1145079135894775
powder_600_800,671.5,humanities,humanities_test,15,vanillalstm,1.305786371231079,1.8460520505905151
powder_600_800,672.5,humanities,humanities_test,15,vanillalstm,1.2878066301345825,1.7865267992019653
powder_600_800,673.5,humanities,humanities_test,15,vanillalstm,0.9974158406257629,1.4332878589630127
powder_600_800,674.5,humanities,humanities_test,15,vanillalstm,0.5164315700531006,0.7881866693496704
powder_600_800,675.5,humanities,humanities_test,15,vanillalstm,0.402955561876297,0.6686465740203857
powder_600_800,676.5,humanities,humanities_test,15,vanillalstm,0.019732100889086723,0.030106795951724052
powder_600_800,677.5,humanities,humanities_test,15,vanillalstm,0.018230590969324112,0.029491346329450607
powder_600_800,678.5,humanities,humanities_test,15,vanillalstm,0.017452483996748924,0.02223990671336651
powder_600_800,679.5,humanities,humanities_test,15,vanillalstm,0.016236668452620506,0.022828778252005577
powder_600_800,680.5,humanities,humanities_test,15,vanillalstm,0.015909938141703606,0.022754769772291183
powder_600_800,681.5,humanities,humanities_test,15,vanillalstm,0.01601925864815712,0.023018475621938705
powder_600_800,682.5,humanities,humanities_test,15,vanillalstm,0.01713402383029461,0.0257680993527174
powder_600_800,683.5,humanities,humanities_test,15,vanillalstm,0.01645158976316452,0.02902154065668583
powder_600_800,684.5,humanities,humanities_test,15,vanillalstm,0.016208920627832413,0.022406358271837234
powder_600_800,685.5,humanities,humanities_test,15,vanillalstm,0.01674816943705082,0.029959259554743767
powder_600_800,686.5,humanities,humanities_test,15,vanillalstm,0.06407352536916733,0.18752092123031616
powder_600_800,687.5,humanities,humanities_test,15,vanillalstm,0.01708194427192211,0.029239704832434654
powder_600_800,688.5,humanities,humanities_test,15,vanillalstm,0.017535174265503883,0.021916205063462257
powder_600_800,689.5,humanities,humanities_test,15,vanillalstm,0.017716819420456886,0.022377947345376015
powder_600_800,690.5,humanities,humanities_test,15,vanillalstm,0.625082790851593,0.8561152219772339
powder_600_800,691.5,humanities,humanities_test,15,vanillalstm,0.65514075756073,0.8375747799873352
powder_600_800,692.5,humanities,humanities_test,15,vanillalstm,1.232137680053711,1.5170291662216187
powder_600_800,693.5,humanities,humanities_test,15,vanillalstm,1.1393767595291138,1.4840730428695679
powder_600_800,694.5,humanities,humanities_test,15,vanillalstm,1.342795491218567,1.7068076133728027
powder_600_800,695.5,humanities,humanities_test,15,vanillalstm,1.4005942344665527,1.7650433778762817
powder_600_800,696.5,humanities,humanities_test,15,vanillalstm,1.4614938497543335,1.820319652557373
powder_600_800,697.5,humanities,humanities_test,15,vanillalstm,1.3777810335159302,1.7720264196395874
powder_600_800,698.5,humanities,humanities_test,15,vanillalstm,1.601803183555603,1.9814614057540894
powder_600_800,699.5,humanities,humanities_test,15,vanillalstm,1.5178313255310059,1.9107095003128052
powder_600_800,700.5,humanities,humanities_test,15,vanillalstm,1.1069787740707397,1.376242756843567
powder_600_800,701.5,humanities,humanities_test,15,vanillalstm,0.6826438307762146,0.8974438905715942
powder_600_800,702.5,humanities,humanities_test,15,vanillalstm,0.966647744178772,1.2319027185440063
powder_600_800,703.5,humanities,humanities_test,15,vanillalstm,0.8724046349525452,1.1512174606323242
powder_600_800,704.5,humanities,humanities_test,15,vanillalstm,1.1540096998214722,1.6601704359054565
powder_600_800,705.5,humanities,humanities_test,15,vanillalstm,1.2780535221099854,1.6595395803451538
powder_600_800,706.5,humanities,humanities_test,15,vanillalstm,1.3088403940200806,1.8031823635101318
powder_600_800,707.5,humanities,humanities_test,15,vanillalstm,1.6656744480133057,2.018726348876953
powder_600_800,708.5,humanities,humanities_test,15,vanillalstm,1.4801483154296875,1.9392904043197632
powder_600_800,709.5,humanities,humanities_test,15,vanillalstm,1.3767422437667847,1.8620991706848145
powder_600_800,710.5,humanities,humanities_test,15,vanillalstm,1.4057778120040894,1.8794738054275513
powder_600_800,711.5,humanities,humanities_test,15,vanillalstm,1.7303720712661743,2.219907283782959
powder_600_800,712.5,humanities,humanities_test,15,vanillalstm,1.9219512939453125,2.3994038105010986
powder_600_800,713.5,humanities,humanities_test,15,vanillalstm,1.6409906148910522,2.0932059288024902
powder_600_800,714.5,humanities,humanities_test,15,vanillalstm,1.7507110834121704,2.161268472671509
powder_600_800,715.5,humanities,humanities_test,15,vanillalstm,1.2592440843582153,1.6335015296936035
powder_600_800,716.5,humanities,humanities_test,15,vanillalstm,1.3714015483856201,1.8351441621780396
powder_600_800,717.5,humanities,humanities_test,15,vanillalstm,1.0928096771240234,1.3613109588623047
powder_600_800,718.5,humanities,humanities_test,15,vanillalstm,1.0669282674789429,1.4360445737838745
powder_600_800,719.5,humanities,humanities_test,15,vanillalstm,1.020806074142456,1.376975417137146
powder_600_800,720.5,humanities,humanities_test,15,vanillalstm,1.1217314004898071,1.50654935836792
powder_600_800,721.5,humanities,humanities_test,15,vanillalstm,1.1573169231414795,1.481473684310913
powder_600_800,722.5,humanities,humanities_test,15,vanillalstm,1.380095362663269,1.9430317878723145
powder_600_800,723.5,humanities,humanities_test,15,vanillalstm,1.459397315979004,1.831276535987854
powder_600_800,724.5,humanities,humanities_test,15,vanillalstm,1.9494298696517944,2.49831485748291
powder_600_800,725.5,humanities,humanities_test,15,vanillalstm,1.891158103942871,2.469090223312378
powder_600_800,726.5,humanities,humanities_test,15,vanillalstm,1.778140664100647,2.3013010025024414
powder_600_800,727.5,humanities,humanities_test,15,vanillalstm,1.7030184268951416,2.221256971359253
powder_600_800,728.5,humanities,humanities_test,15,vanillalstm,1.3303834199905396,1.7763289213180542
powder_600_800,729.5,humanities,humanities_test,15,vanillalstm,1.760297179222107,2.3782215118408203
powder_600_800,730.5,humanities,humanities_test,15,vanillalstm,1.4499170780181885,1.9309377670288086
powder_600_800,731.5,humanities,humanities_test,15,vanillalstm,1.2836260795593262,1.7422727346420288
powder_600_800,732.5,humanities,humanities_test,15,vanillalstm,1.6425539255142212,2.1980512142181396
powder_600_800,733.5,humanities,humanities_test,15,vanillalstm,1.1565101146697998,1.4851329326629639
powder_600_800,734.5,humanities,humanities_test,15,vanillalstm,1.2329412698745728,1.6268130540847778
powder_600_800,735.5,humanities,humanities_test,15,vanillalstm,1.4177608489990234,1.854960560798645
powder_600_800,736.5,humanities,humanities_test,15,vanillalstm,1.7143276929855347,2.178544282913208
powder_600_800,737.5,humanities,humanities_test,15,vanillalstm,1.7514855861663818,2.1394591331481934
powder_600_800,738.5,humanities,humanities_test,15,vanillalstm,1.1237359046936035,1.4925590753555298
powder_600_800,739.5,humanities,humanities_test,15,vanillalstm,0.9670562148094177,1.3262470960617065
powder_600_800,740.5,humanities,humanities_test,15,vanillalstm,1.6201262474060059,2.0156521797180176
powder_600_800,741.5,humanities,humanities_test,15,vanillalstm,1.6021298170089722,2.2101213932037354
powder_600_800,742.5,humanities,humanities_test,15,vanillalstm,1.4665424823760986,1.98605477809906
powder_600_800,743.5,humanities,humanities_test,15,vanillalstm,1.5367733240127563,2.1783578395843506
powder_600_800,744.5,humanities,humanities_test,15,vanillalstm,0.3178458511829376,0.4462116062641144
powder_600_800,745.5,humanities,humanities_test,15,vanillalstm,0.32592353224754333,0.4558296501636505
powder_600_800,746.5,humanities,humanities_test,15,vanillalstm,1.007225513458252,1.3212916851043701
powder_600_800,747.5,humanities,humanities_test,15,vanillalstm,1.8469034433364868,2.5503413677215576
powder_600_800,748.5,humanities,humanities_test,15,vanillalstm,1.9053139686584473,2.60215425491333
powder_600_800,749.5,humanities,humanities_test,15,vanillalstm,1.961067795753479,2.725184440612793
powder_600_800,750.5,humanities,humanities_test,15,vanillalstm,1.7295805215835571,2.3916494846343994
powder_600_800,751.5,humanities,humanities_test,15,vanillalstm,1.8851678371429443,2.5525295734405518
powder_600_800,752.5,humanities,humanities_test,15,vanillalstm,1.9671127796173096,2.653054714202881
powder_600_800,753.5,humanities,humanities_test,15,vanillalstm,1.9644397497177124,2.5089268684387207
powder_600_800,754.5,humanities,humanities_test,15,vanillalstm,1.7073549032211304,2.2952780723571777
powder_600_800,755.5,humanities,humanities_test,15,vanillalstm,1.706290602684021,2.390141248703003
powder_600_800,756.5,humanities,humanities_test,15,vanillalstm,0.3686729371547699,0.5192617774009705
powder_600_800,757.5,humanities,humanities_test,15,vanillalstm,0.2616436779499054,0.36499443650245667
powder_600_800,758.5,humanities,humanities_test,15,vanillalstm,1.0867141485214233,1.4719382524490356
powder_600_800,759.5,humanities,humanities_test,15,vanillalstm,1.1741211414337158,1.5693347454071045
powder_600_800,760.5,humanities,humanities_test,15,vanillalstm,1.1015795469284058,1.472417950630188
powder_600_800,761.5,humanities,humanities_test,15,vanillalstm,1.091787576675415,1.4526041746139526
powder_600_800,762.5,humanities,humanities_test,15,vanillalstm,1.0963901281356812,1.4578843116760254
powder_600_800,763.5,humanities,humanities_test,15,vanillalstm,0.8760223388671875,1.1832361221313477
powder_600_800,764.5,humanities,humanities_test,15,vanillalstm,1.012486457824707,1.308941125869751
powder_600_800,765.5,humanities,humanities_test,15,vanillalstm,1.0008232593536377,1.2876381874084473
powder_600_800,766.5,humanities,humanities_test,15,vanillalstm,0.9931440353393555,1.289305567741394
powder_600_800,767.5,humanities,humanities_test,15,vanillalstm,1.1018062829971313,1.5437523126602173
powder_600_800,768.5,humanities,humanities_test,15,vanillalstm,0.04635464400053024,0.06169404089450836
powder_600_800,769.5,humanities,humanities_test,15,vanillalstm,10.220580101013184,11.05700397491455
powder_600_800,770.5,humanities,humanities_test,15,vanillalstm,0.04587690159678459,0.06224127858877182
powder_600_800,771.5,humanities,humanities_test,15,vanillalstm,8.67979621887207,9.485078811645508
powder_600_800,772.5,humanities,humanities_test,15,vanillalstm,8.986030578613281,9.917586326599121
powder_600_800,773.5,humanities,humanities_test,15,vanillalstm,9.57982349395752,10.497296333312988
powder_600_800,774.5,humanities,humanities_test,15,vanillalstm,5.865041255950928,6.355843544006348
powder_600_800,775.5,humanities,humanities_test,15,vanillalstm,0.03169933333992958,0.03920087590813637
powder_600_800,776.5,humanities,humanities_test,15,vanillalstm,0.04949401691555977,0.06173563003540039
powder_600_800,777.5,humanities,humanities_test,15,vanillalstm,0.048312824219465256,0.06038861721754074
powder_600_800,778.5,humanities,humanities_test,15,vanillalstm,0.019672267138957977,0.02488100714981556
powder_600_800,779.5,humanities,humanities_test,15,vanillalstm,0.01855393871665001,0.022832991555333138
powder_600_800,780.5,humanities,humanities_test,15,vanillalstm,0.0187368206679821,0.023601185530424118
powder_600_800,781.5,humanities,humanities_test,15,vanillalstm,0.01843622699379921,0.023364530876278877
powder_600_800,782.5,humanities,humanities_test,15,vanillalstm,0.01907617598772049,0.02475760504603386
powder_600_800,783.5,humanities,humanities_test,15,vanillalstm,0.018354495987296104,0.02271411381661892
powder_600_800,784.5,humanities,humanities_test,15,vanillalstm,0.018228664994239807,0.022943858057260513
powder_600_800,785.5,humanities,humanities_test,15,vanillalstm,0.019382117316126823,0.0237968098372221
powder_600_800,786.5,humanities,humanities_test,15,vanillalstm,0.01906329020857811,0.023374337702989578
powder_600_800,787.5,humanities,humanities_test,15,vanillalstm,0.019831128418445587,0.024444587528705597
powder_600_800,788.5,humanities,humanities_test,15,vanillalstm,0.01928277686238289,0.023512810468673706
powder_600_800,789.5,humanities,humanities_test,15,vanillalstm,0.04307851567864418,0.054579466581344604
powder_600_800,790.5,humanities,humanities_test,15,vanillalstm,0.053634654730558395,0.067879319190979
powder_600_800,791.5,humanities,humanities_test,15,vanillalstm,0.054811324924230576,0.07176090776920319
powder_600_800,792.5,humanities,humanities_test,15,vanillalstm,0.0572662316262722,0.07512546330690384
powder_600_800,793.5,humanities,humanities_test,15,vanillalstm,0.07154843956232071,0.08957789093255997
powder_600_800,794.5,humanities,humanities_test,15,vanillalstm,0.11193548887968063,0.14206694066524506
powder_600_800,795.5,humanities,humanities_test,15,vanillalstm,0.023149127140641212,0.029088202863931656
powder_600_800,796.5,humanities,humanities_test,15,vanillalstm,0.02493344061076641,0.032051973044872284
powder_600_800,797.5,humanities,humanities_test,15,vanillalstm,0.0242918748408556,0.030087387189269066
powder_600_800,798.5,humanities,humanities_test,15,vanillalstm,0.025213826447725296,0.031257592141628265
powder_600_800,799.5,humanities,humanities_test,15,vanillalstm,0.08384488523006439,0.48907461762428284
powder_600_800,600.5,humanities,humanities_test,60,vanillalstm,7.6712470054626465,8.283373832702637
powder_600_800,601.5,humanities,humanities_test,60,vanillalstm,5.796578407287598,6.455580711364746
powder_600_800,602.5,humanities,humanities_test,60,vanillalstm,3.246577739715576,3.89097261428833
powder_600_800,603.5,humanities,humanities_test,60,vanillalstm,2.342421054840088,2.740328311920166
powder_600_800,604.5,humanities,humanities_test,60,vanillalstm,1.7835876941680908,2.9873995780944824
powder_600_800,605.5,humanities,humanities_test,60,vanillalstm,1.430901050567627,2.256948232650757
powder_600_800,606.5,humanities,humanities_test,60,vanillalstm,1.767738699913025,2.895155906677246
powder_600_800,607.5,humanities,humanities_test,60,vanillalstm,1.6925162076950073,2.7288010120391846
powder_600_800,608.5,humanities,humanities_test,60,vanillalstm,0.02793293632566929,0.03680873662233353
powder_600_800,609.5,humanities,humanities_test,60,vanillalstm,0.027266725897789,0.03397226706147194
powder_600_800,610.5,humanities,humanities_test,60,vanillalstm,0.02787996456027031,0.03493225947022438
powder_600_800,611.5,humanities,humanities_test,60,vanillalstm,0.02813202328979969,0.03574899211525917
powder_600_800,612.5,humanities,humanities_test,60,vanillalstm,0.027997581288218498,0.036386165767908096
powder_600_800,613.5,humanities,humanities_test,60,vanillalstm,0.026457155123353004,0.03836813196539879
powder_600_800,614.5,humanities,humanities_test,60,vanillalstm,0.03367883712053299,0.04790262132883072
powder_600_800,615.5,humanities,humanities_test,60,vanillalstm,0.043205149471759796,0.06026240065693855
powder_600_800,616.5,humanities,humanities_test,60,vanillalstm,0.04811998829245567,0.062371961772441864
powder_600_800,617.5,humanities,humanities_test,60,vanillalstm,0.05734109878540039,0.17206837236881256
powder_600_800,618.5,humanities,humanities_test,60,vanillalstm,0.07114320248365402,0.08760800212621689
powder_600_800,619.5,humanities,humanities_test,60,vanillalstm,0.05818958580493927,0.07055698335170746
powder_600_800,620.5,humanities,humanities_test,60,vanillalstm,0.0560724213719368,0.08757483959197998
powder_600_800,621.5,humanities,humanities_test,60,vanillalstm,0.03198589012026787,0.04691626504063606
powder_600_800,622.5,humanities,humanities_test,60,vanillalstm,3.5533556938171387,4.663908004760742
powder_600_800,623.5,humanities,humanities_test,60,vanillalstm,2.9471707344055176,3.750027894973755
powder_600_800,624.5,humanities,humanities_test,60,vanillalstm,2.371995449066162,3.1201438903808594
powder_600_800,625.5,humanities,humanities_test,60,vanillalstm,3.0398361682891846,4.034199237823486
powder_600_800,626.5,humanities,humanities_test,60,vanillalstm,2.4377217292785645,3.352057456970215
powder_600_800,627.5,humanities,humanities_test,60,vanillalstm,2.532480478286743,3.4162392616271973
powder_600_800,628.5,humanities,humanities_test,60,vanillalstm,1.7842122316360474,2.357177257537842
powder_600_800,629.5,humanities,humanities_test,60,vanillalstm,2.6865453720092773,3.5144765377044678
powder_600_800,630.5,humanities,humanities_test,60,vanillalstm,3.149489402770996,4.091213226318359
powder_600_800,631.5,humanities,humanities_test,60,vanillalstm,3.3509929180145264,4.3105573654174805
powder_600_800,632.5,humanities,humanities_test,60,vanillalstm,3.5561113357543945,4.5710225105285645
powder_600_800,633.5,humanities,humanities_test,60,vanillalstm,3.42285418510437,4.444601535797119
powder_600_800,634.5,humanities,humanities_test,60,vanillalstm,2.9937498569488525,3.872793197631836
powder_600_800,635.5,humanities,humanities_test,60,vanillalstm,3.5045013427734375,4.500360488891602
powder_600_800,636.5,humanities,humanities_test,60,vanillalstm,3.6300554275512695,4.673006534576416
powder_600_800,637.5,humanities,humanities_test,60,vanillalstm,3.490009069442749,4.530646800994873
powder_600_800,638.5,humanities,humanities_test,60,vanillalstm,4.176347732543945,5.404278755187988
powder_600_800,639.5,humanities,humanities_test,60,vanillalstm,4.0726518630981445,5.26600456237793
powder_600_800,640.5,humanities,humanities_test,60,vanillalstm,3.7932486534118652,4.897439002990723
powder_600_800,641.5,humanities,humanities_test,60,vanillalstm,3.280453681945801,4.376792907714844
powder_600_800,642.5,humanities,humanities_test,60,vanillalstm,0.8181630969047546,1.1587616205215454
powder_600_800,643.5,humanities,humanities_test,60,vanillalstm,0.9507836699485779,1.3559707403182983
powder_600_800,644.5,humanities,humanities_test,60,vanillalstm,1.2925459146499634,1.7502429485321045
powder_600_800,645.5,humanities,humanities_test,60,vanillalstm,1.1778672933578491,1.6041181087493896
powder_600_800,646.5,humanities,humanities_test,60,vanillalstm,2.914114236831665,3.1861448287963867
powder_600_800,647.5,humanities,humanities_test,60,vanillalstm,2.0199644565582275,2.4904918670654297
powder_600_800,648.5,humanities,humanities_test,60,vanillalstm,2.303255081176758,2.8953232765197754
powder_600_800,649.5,humanities,humanities_test,60,vanillalstm,2.4636764526367188,3.095517873764038
powder_600_800,650.5,humanities,humanities_test,60,vanillalstm,2.694023370742798,3.4642398357391357
powder_600_800,651.5,humanities,humanities_test,60,vanillalstm,2.858293294906616,3.7962751388549805
powder_600_800,652.5,humanities,humanities_test,60,vanillalstm,2.235961675643921,2.8322417736053467
powder_600_800,653.5,humanities,humanities_test,60,vanillalstm,2.0055582523345947,2.5036303997039795
powder_600_800,654.5,humanities,humanities_test,60,vanillalstm,1.8671897649765015,2.3368980884552
powder_600_800,655.5,humanities,humanities_test,60,vanillalstm,1.6967716217041016,2.106947898864746
powder_600_800,656.5,humanities,humanities_test,60,vanillalstm,0.9683172106742859,1.6372532844543457
powder_600_800,657.5,humanities,humanities_test,60,vanillalstm,1.9356979131698608,2.61767578125
powder_600_800,658.5,humanities,humanities_test,60,vanillalstm,1.9170087575912476,2.3399600982666016
powder_600_800,659.5,humanities,humanities_test,60,vanillalstm,1.8396265506744385,2.479304790496826
powder_600_800,660.5,humanities,humanities_test,60,vanillalstm,1.31151282787323,1.9709781408309937
powder_600_800,661.5,humanities,humanities_test,60,vanillalstm,0.877709686756134,1.29739511013031
powder_600_800,662.5,humanities,humanities_test,60,vanillalstm,1.327437162399292,1.745295524597168
powder_600_800,663.5,humanities,humanities_test,60,vanillalstm,1.5719537734985352,2.110224723815918
powder_600_800,664.5,humanities,humanities_test,60,vanillalstm,2.0013015270233154,2.5949268341064453
powder_600_800,665.5,humanities,humanities_test,60,vanillalstm,1.851117491722107,2.4527153968811035
powder_600_800,666.5,humanities,humanities_test,60,vanillalstm,1.8996424674987793,2.5794317722320557
powder_600_800,667.5,humanities,humanities_test,60,vanillalstm,2.2938132286071777,2.863067150115967
powder_600_800,668.5,humanities,humanities_test,60,vanillalstm,1.5095493793487549,1.9348877668380737
powder_600_800,669.5,humanities,humanities_test,60,vanillalstm,1.4639090299606323,2.0554182529449463
powder_600_800,670.5,humanities,humanities_test,60,vanillalstm,1.4921276569366455,2.149564504623413
powder_600_800,671.5,humanities,humanities_test,60,vanillalstm,1.3310725688934326,1.8894052505493164
powder_600_800,672.5,humanities,humanities_test,60,vanillalstm,1.4330518245697021,1.9494556188583374
powder_600_800,673.5,humanities,humanities_test,60,vanillalstm,1.1036466360092163,1.5511342287063599
powder_600_800,674.5,humanities,humanities_test,60,vanillalstm,0.5898574590682983,0.8618519306182861
powder_600_800,675.5,humanities,humanities_test,60,vanillalstm,0.45250704884529114,0.7051722407341003
powder_600_800,676.5,humanities,humanities_test,60,vanillalstm,0.0208809282630682,0.030767690390348434
powder_600_800,677.5,humanities,humanities_test,60,vanillalstm,0.019489601254463196,0.030176201835274696
powder_600_800,678.5,humanities,humanities_test,60,vanillalstm,0.018536720424890518,0.022896969690918922
powder_600_800,679.5,humanities,humanities_test,60,vanillalstm,0.01720890961587429,0.023316945880651474
powder_600_800,680.5,humanities,humanities_test,60,vanillalstm,0.016958704218268394,0.023338813334703445
powder_600_800,681.5,humanities,humanities_test,60,vanillalstm,0.017094742506742477,0.023722395300865173
powder_600_800,682.5,humanities,humanities_test,60,vanillalstm,0.01800287701189518,0.026355188339948654
powder_600_800,683.5,humanities,humanities_test,60,vanillalstm,0.017247293144464493,0.029436780139803886
powder_600_800,684.5,humanities,humanities_test,60,vanillalstm,0.017176341265439987,0.02300085499882698
powder_600_800,685.5,humanities,humanities_test,60,vanillalstm,0.017724329605698586,0.030421199277043343
powder_600_800,686.5,humanities,humanities_test,60,vanillalstm,0.06908401846885681,0.18867012858390808
powder_600_800,687.5,humanities,humanities_test,60,vanillalstm,0.018120869994163513,0.029731716960668564
powder_600_800,688.5,humanities,humanities_test,60,vanillalstm,0.01854720339179039,0.022524038329720497
powder_600_800,689.5,humanities,humanities_test,60,vanillalstm,0.018629014492034912,0.022806977853178978
powder_600_800,690.5,humanities,humanities_test,60,vanillalstm,0.6569355130195618,0.8833134174346924
powder_600_800,691.5,humanities,humanities_test,60,vanillalstm,0.6721728444099426,0.8497784733772278
powder_600_800,692.5,humanities,humanities_test,60,vanillalstm,1.2648619413375854,1.5669293403625488
powder_600_800,693.5,humanities,humanities_test,60,vanillalstm,1.2051012516021729,1.5539188385009766
powder_600_800,694.5,humanities,humanities_test,60,vanillalstm,1.4058977365493774,1.790173888206482
powder_600_800,695.5,humanities,humanities_test,60,vanillalstm,1.4536793231964111,1.8378782272338867
powder_600_800,696.5,humanities,humanities_test,60,vanillalstm,1.550328254699707,1.9181879758834839
powder_600_800,697.5,humanities,humanities_test,60,vanillalstm,1.4825936555862427,1.8890998363494873
powder_600_800,698.5,humanities,humanities_test,60,vanillalstm,1.6891717910766602,2.084784746170044
powder_600_800,699.5,humanities,humanities_test,60,vanillalstm,1.61199152469635,2.014165163040161
powder_600_800,700.5,humanities,humanities_test,60,vanillalstm,1.1927732229232788,1.4843453168869019
powder_600_800,701.5,humanities,humanities_test,60,vanillalstm,0.7515329122543335,0.9823974370956421
powder_600_800,702.5,humanities,humanities_test,60,vanillalstm,1.0229175090789795,1.3026154041290283
powder_600_800,703.5,humanities,humanities_test,60,vanillalstm,0.9187034368515015,1.210433840751648
powder_600_800,704.5,humanities,humanities_test,60,vanillalstm,1.2246713638305664,1.7203996181488037
powder_600_800,705.5,humanities,humanities_test,60,vanillalstm,1.3670225143432617,1.7712478637695312
powder_600_800,706.5,humanities,humanities_test,60,vanillalstm,1.3782089948654175,1.8551936149597168
powder_600_800,707.5,humanities,humanities_test,60,vanillalstm,1.7450709342956543,2.1272289752960205
powder_600_800,708.5,humanities,humanities_test,60,vanillalstm,1.5984090566635132,2.081681489944458
powder_600_800,709.5,humanities,humanities_test,60,vanillalstm,1.4820882081985474,1.9683774709701538
powder_600_800,710.5,humanities,humanities_test,60,vanillalstm,1.5261574983596802,2.0038299560546875
powder_600_800,711.5,humanities,humanities_test,60,vanillalstm,1.908231496810913,2.460017681121826
powder_600_800,712.5,humanities,humanities_test,60,vanillalstm,2.076439619064331,2.620561361312866
powder_600_800,713.5,humanities,humanities_test,60,vanillalstm,1.783216118812561,2.293809175491333
powder_600_800,714.5,humanities,humanities_test,60,vanillalstm,1.856779932975769,2.3140485286712646
powder_600_800,715.5,humanities,humanities_test,60,vanillalstm,1.361020803451538,1.768820881843567
powder_600_800,716.5,humanities,humanities_test,60,vanillalstm,1.4488146305084229,1.937523603439331
powder_600_800,717.5,humanities,humanities_test,60,vanillalstm,1.1661981344223022,1.4893487691879272
powder_600_800,718.5,humanities,humanities_test,60,vanillalstm,1.1502271890640259,1.5115575790405273
powder_600_800,719.5,humanities,humanities_test,60,vanillalstm,1.0731682777404785,1.4191060066223145
powder_600_800,720.5,humanities,humanities_test,60,vanillalstm,1.1633334159851074,1.5432894229888916
powder_600_800,721.5,humanities,humanities_test,60,vanillalstm,1.1942989826202393,1.5103086233139038
powder_600_800,722.5,humanities,humanities_test,60,vanillalstm,1.4399611949920654,1.978229284286499
powder_600_800,723.5,humanities,humanities_test,60,vanillalstm,1.4734545946121216,1.8517975807189941
powder_600_800,724.5,humanities,humanities_test,60,vanillalstm,1.9886020421981812,2.5452044010162354
powder_600_800,725.5,humanities,humanities_test,60,vanillalstm,1.9551464319229126,2.5587213039398193
powder_600_800,726.5,humanities,humanities_test,60,vanillalstm,1.7915856838226318,2.3428730964660645
powder_600_800,727.5,humanities,humanities_test,60,vanillalstm,1.778882384300232,2.302682399749756
powder_600_800,728.5,humanities,humanities_test,60,vanillalstm,1.417831301689148,1.8515678644180298
powder_600_800,729.5,humanities,humanities_test,60,vanillalstm,1.8070495128631592,2.417295217514038
powder_600_800,730.5,humanities,humanities_test,60,vanillalstm,1.5919567346572876,2.1147871017456055
powder_600_800,731.5,humanities,humanities_test,60,vanillalstm,1.4247525930404663,1.8914823532104492
powder_600_800,732.5,humanities,humanities_test,60,vanillalstm,1.6607602834701538,2.2321252822875977
powder_600_800,733.5,humanities,humanities_test,60,vanillalstm,1.3157479763031006,1.6838933229446411
powder_600_800,734.5,humanities,humanities_test,60,vanillalstm,1.3309338092803955,1.7469314336776733
powder_600_800,735.5,humanities,humanities_test,60,vanillalstm,1.5127209424972534,1.9796098470687866
powder_600_800,736.5,humanities,humanities_test,60,vanillalstm,1.822309970855713,2.3368566036224365
powder_600_800,737.5,humanities,humanities_test,60,vanillalstm,1.8636865615844727,2.3266453742980957
powder_600_800,738.5,humanities,humanities_test,60,vanillalstm,1.2338578701019287,1.626470923423767
powder_600_800,739.5,humanities,humanities_test,60,vanillalstm,1.047589659690857,1.4100860357284546
powder_600_800,740.5,humanities,humanities_test,60,vanillalstm,1.6845099925994873,2.139378547668457
powder_600_800,741.5,humanities,humanities_test,60,vanillalstm,1.7395328283309937,2.3492796421051025
powder_600_800,742.5,humanities,humanities_test,60,vanillalstm,1.5947301387786865,2.120948314666748
powder_600_800,743.5,humanities,humanities_test,60,vanillalstm,1.6181988716125488,2.215484142303467
powder_600_800,744.5,humanities,humanities_test,60,vanillalstm,0.368426650762558,0.5023286938667297
powder_600_800,745.5,humanities,humanities_test,60,vanillalstm,0.3826529085636139,0.5200225710868835
powder_600_800,746.5,humanities,humanities_test,60,vanillalstm,1.1376800537109375,1.4699132442474365
powder_600_800,747.5,humanities,humanities_test,60,vanillalstm,2.169717311859131,2.9309465885162354
powder_600_800,748.5,humanities,humanities_test,60,vanillalstm,2.2570486068725586,3.015240430831909
powder_600_800,749.5,humanities,humanities_test,60,vanillalstm,2.3006742000579834,3.1051182746887207
powder_600_800,750.5,humanities,humanities_test,60,vanillalstm,2.0575857162475586,2.772181510925293
powder_600_800,751.5,humanities,humanities_test,60,vanillalstm,2.2104415893554688,2.9423067569732666
powder_600_800,752.5,humanities,humanities_test,60,vanillalstm,2.280062675476074,3.03105092048645
powder_600_800,753.5,humanities,humanities_test,60,vanillalstm,2.168325901031494,2.7491328716278076
powder_600_800,754.5,humanities,humanities_test,60,vanillalstm,1.9234541654586792,2.526015043258667
powder_600_800,755.5,humanities,humanities_test,60,vanillalstm,1.857142686843872,2.5259456634521484
powder_600_800,756.5,humanities,humanities_test,60,vanillalstm,0.41004958748817444,0.5615823268890381
powder_600_800,757.5,humanities,humanities_test,60,vanillalstm,0.2882433831691742,0.39138326048851013
powder_600_800,758.5,humanities,humanities_test,60,vanillalstm,1.1833394765853882,1.580403447151184
powder_600_800,759.5,humanities,humanities_test,60,vanillalstm,1.29920494556427,1.706164836883545
powder_600_800,760.5,humanities,humanities_test,60,vanillalstm,1.2243901491165161,1.6035149097442627
powder_600_800,761.5,humanities,humanities_test,60,vanillalstm,1.2282676696777344,1.6072620153427124
powder_600_800,762.5,humanities,humanities_test,60,vanillalstm,1.230884313583374,1.6174589395523071
powder_600_800,763.5,humanities,humanities_test,60,vanillalstm,0.9832065105438232,1.3001387119293213
powder_600_800,764.5,humanities,humanities_test,60,vanillalstm,1.1099295616149902,1.4294086694717407
powder_600_800,765.5,humanities,humanities_test,60,vanillalstm,1.0829737186431885,1.3926458358764648
powder_600_800,766.5,humanities,humanities_test,60,vanillalstm,1.1171704530715942,1.4353079795837402
powder_600_800,767.5,humanities,humanities_test,60,vanillalstm,1.2094805240631104,1.6485909223556519
powder_600_800,768.5,humanities,humanities_test,60,vanillalstm,0.047678664326667786,0.06275811046361923
powder_600_800,769.5,humanities,humanities_test,60,vanillalstm,10.196368217468262,11.048858642578125
powder_600_800,770.5,humanities,humanities_test,60,vanillalstm,0.04873064532876015,0.06359683722257614
powder_600_800,771.5,humanities,humanities_test,60,vanillalstm,8.622010231018066,9.498893737792969
powder_600_800,772.5,humanities,humanities_test,60,vanillalstm,8.922282218933105,9.922933578491211
powder_600_800,773.5,humanities,humanities_test,60,vanillalstm,9.574223518371582,10.52026081085205
powder_600_800,774.5,humanities,humanities_test,60,vanillalstm,5.891905307769775,6.40138053894043
powder_600_800,775.5,humanities,humanities_test,60,vanillalstm,0.03299186751246452,0.040832169353961945
powder_600_800,776.5,humanities,humanities_test,60,vanillalstm,0.05055838078260422,0.06223908066749573
powder_600_800,777.5,humanities,humanities_test,60,vanillalstm,0.04904260113835335,0.06082058697938919
powder_600_800,778.5,humanities,humanities_test,60,vanillalstm,0.021320035681128502,0.02689032256603241
powder_600_800,779.5,humanities,humanities_test,60,vanillalstm,0.020152339711785316,0.024803904816508293
powder_600_800,780.5,humanities,humanities_test,60,vanillalstm,0.020274069160223007,0.02540341019630432
powder_600_800,781.5,humanities,humanities_test,60,vanillalstm,0.019917143508791924,0.02511732093989849
powder_600_800,782.5,humanities,humanities_test,60,vanillalstm,0.02039806917309761,0.026278914883732796
powder_600_800,783.5,humanities,humanities_test,60,vanillalstm,0.019751224666833878,0.024468915536999702
powder_600_800,784.5,humanities,humanities_test,60,vanillalstm,0.01963183470070362,0.024690819904208183
powder_600_800,785.5,humanities,humanities_test,60,vanillalstm,0.020818395540118217,0.025577886030077934
powder_600_800,786.5,humanities,humanities_test,60,vanillalstm,0.02003420703113079,0.02445377968251705
powder_600_800,787.5,humanities,humanities_test,60,vanillalstm,0.020552055910229683,0.02514876052737236
powder_600_800,788.5,humanities,humanities_test,60,vanillalstm,0.020126016810536385,0.02441190928220749
powder_600_800,789.5,humanities,humanities_test,60,vanillalstm,0.04504694789648056,0.05751657485961914
powder_600_800,790.5,humanities,humanities_test,60,vanillalstm,0.05576098710298538,0.07126324623823166
powder_600_800,791.5,humanities,humanities_test,60,vanillalstm,0.0565708763897419,0.07457013428211212
powder_600_800,792.5,humanities,humanities_test,60,vanillalstm,0.05854225531220436,0.07736854255199432
powder_600_800,793.5,humanities,humanities_test,60,vanillalstm,0.07222158461809158,0.08982548117637634
powder_600_800,794.5,humanities,humanities_test,60,vanillalstm,0.11111673712730408,0.13965940475463867
powder_600_800,795.5,humanities,humanities_test,60,vanillalstm,0.024057596921920776,0.030030757188796997
powder_600_800,796.5,humanities,humanities_test,60,vanillalstm,0.025796210393309593,0.03285149857401848
powder_600_800,797.5,humanities,humanities_test,60,vanillalstm,0.02529524266719818,0.031015340238809586
powder_600_800,798.5,humanities,humanities_test,60,vanillalstm,0.02617751806974411,0.03215935826301575
powder_600_800,799.5,humanities,humanities_test,60,vanillalstm,0.08538734912872314,0.48897767066955566
